Word,Level,definition
가다,1,한곳에서 다른 곳으로 장소를 이동하다.
가방,1,"물건을 넣어 들거나 메고 다닐 수 있게 만든 용구. 가죽이나 천, 비닐 따위로 만든다."
가위,1,"옷감, 종이, 머리털 따위를 자르는 기구. 날이 있는 두 개의 쇠를 교차시켜 가운데 사북을 박고, 지레의 원리를 이용하여 다리를 벌렸다 오므렸다 하여 자른다."
가위바위보,1,"손을 내밀어 그 모양에 따라 순서나 승부를 정하는 방법. 두 개의 손가락만 편 것을 ‘가위’, 주먹을 쥔 것을 ‘바위’, 손가락을 모두 편 것을 ‘보’라 하는데, ‘가위’는 ‘보’에, ‘바위’는 ‘가위’에, ‘보’는 ‘바위’에 각각 이긴다."
가을,1,"한 해의 네 철 가운데 셋째 철. 여름과 겨울의 사이이며, 달로는 9~11월, 절기(節氣)로는 입추부터 입동 전까지를 이른다."
가족,1,"주로 부부를 중심으로 한, 친족 관계에 있는 사람들의 집단. 또는 그 구성원. 혼인, 혈연, 입양 등으로 이루어진다."
간지럽다,1,무엇이 살에 닿아 가볍게 스칠 때처럼 견디기 어렵게 자리자리한 느낌이 있다.
같이,1,둘 이상의 사람이나 사물이 함께.
거울,1,"빛의 반사를 이용하여 물체의 모양을 비추어 보는 물건. 옛날에는 구리나 돌을 매끄럽게 갈아서 만들었는데, 지금은 보통 유리 뒤쪽에 아말감을 발라 만든다."
거짓말,1,사실이 아닌 것을 사실인 것처럼 꾸며 대어 말을 함. 또는 그런 말.
검은색,1,숯이나 먹의 빛깔과 같이 어둡고 짙은 색.
겨울,1,"한 해의 네 철 가운데 넷째 철. 가을과 봄 사이이며, 낮이 짧고 추운 계절로, 달로는 12~2월, 절기(節氣)로는 입동부터 입춘 전까지를 이른다."
고래,1,포유강 고래목의 동물을 통틀어 이르는 말. 수중 생활에 적응된 포유류로 뒷다리는 퇴화하였고 앞다리는 지느러미 모양으로 변하였다. 털은 퇴화하였고 피부에는 두꺼운 지방층이 있다. 전 세계에 100여 종이 있으나 대부분이 멸종 위기에 처하여 국제적으로 보호받고 있다.
고맙다,1,남이 베풀어 준 호의나 도움 따위에 대하여 마음이 흐뭇하고 즐겁다.
공,1,"가죽이나 고무, 플라스틱 따위로 둥글게 만들어 던지거나 치거나 차거나 굴릴 수 있도록 만든 운동 기구. 운동 경기나 놀이에 따라 축구공, 야구공, 탁구공, 럭비공, 골프공, 당구공 따위 여러 가지가 있다."
공룡,1,중생대 쥐라기와 백악기에 걸쳐 번성하였던 거대한 파충류를 통틀어 이르는 말. 몸의 길이가 30미터에 달하는 것도 있고 육상에서 살았다. 화석에 의하여 400여 종 이상이 알려져 있다.
과일,1,"나무 따위를 가꾸어 얻는, 사람이 먹을 수 있는 열매. 대개 수분이 많고 단맛 또는 신맛이 난다. 사과, 배, 포도, 귤, 감, 밤 따위가 있다."
교실,1,"유치원, 초등학교, 중ㆍ고등학교에서 학습 활동이 이루어지는 방."
구름,1,공기 중의 수분이 엉기어서 미세한 물방울이나 얼음 결정의 덩어리가 되어 공중에 떠 있는 것.
구슬,1,보석이나 진주 따위로 둥글게 만든 물건. 흔히 장신구로 쓴다.
국,1,"고기, 생선, 채소 따위에 물을 많이 붓고 간을 맞추어 끓인 음식."
귀,1,"사람이나 동물의 머리 양옆에서 듣는 기능을 하는 감각 기관. 바깥귀, 가운데귀, 속귀의 세 부분으로 나뉜다."
귀엽다,1,예쁘고 곱거나 또는 애교가 있어서 사랑스럽다.
그릇,1,"음식이나 물건 따위를 담는 기구를 통틀어 이르는 말. 세는 단위는 개, 벌, 죽 따위가 있다."
그림,1,선이나 색채를 써서 사물의 형상이나 이미지를 평면 위에 나타낸 것.
글자,1,말을 적는 일정한 체계의 부호.
금요일,1,월요일을 기준으로 한 주의 다섯째 날.
기다리다,1,어떤 사람이나 때가 오기를 바라다.
기차,1,"여객차나 화차를 끌고 다니는 철도 차량. 증기 기관차, 디젤 기관차, 전기 기관차 따위가 있다."
기침,1,"기도의 점막이 자극을 받아 갑자기 숨소리를 터트려 내는 일. 목감기의 주된 증상 가운데 하나로, 마른기침과 젖은기침의 두 가지가 있다."
길,1,사람이나 동물 또는 자동차 따위가 지나갈 수 있게 땅 위에 낸 일정한 너비의 공간.
김밥,1,김 위에 밥을 펴 놓고 여러 가지 반찬으로 소를 박아 둘둘 말아 싸서 썰어 먹는 음식.
김치,1,"소금에 절인 배추나 무 따위를 고춧가루, 파, 마늘 따위의 양념에 버무린 뒤 발효를 시킨 음식. 재료와 조리 방법에 따라 많은 종류가 있다."
까만색,1,불빛이 전혀 없는 밤하늘과 같이 밝고 짙은 검은색.
깡충깡충,1,짧은 다리를 모으고 자꾸 힘 있게 솟구쳐 뛰는 모양. ‘강중강중’보다 세고 거센 느낌을 준다.
꼬리,1,동물의 꽁무니나 몸뚱이의 뒤 끝에 붙어서 조금 나와 있는 부분. 짐승에 따라 조금씩 모양이 다르다.
꽃,1,"종자식물의 번식 기관. 모양과 색이 다양하며, 꽃받침과 꽃잎, 암술과 수술로 이루어져 있다. 분류 기준에 따라 갖춘꽃과 안갖춘꽃, 단성화와 양성화, 통꽃과 갈래꽃, 풍매화와 충매화 따위로 나눈다."
꿀,1,"꿀벌이 꽃에서 빨아들여 벌집 속에 모아 두는, 달콤하고 끈끈한 액체. 그 성분은 대부분 당분(糖分)이며 식용하거나 약으로 쓴다."
꿀꺽,1,액체나 음식물 따위가 목구멍이나 좁은 구멍으로 한꺼번에 많이 넘어가는 소리. 또는 그 모양.
꿀벌,1,"꿀벌과 아피스속의 벌을 통틀어 이르는 말. 인도종, 서양종, 동양종 따위가 있다."
끝,1,"시간, 공간, 사물 따위에서 마지막 한계가 되는 곳."
나무,1,줄기나 가지가 목질로 된 여러해살이 식물.
나이,1,사람이나 동ㆍ식물 따위가 세상에 나서 살아온 햇수.
날개,1,새나 곤충의 몸 양쪽에 붙어서 날아다니는 데 쓰는 기관.
날다,1,공중에 떠서 어떤 위치에서 다른 위치로 움직이다.
날씨,1,"그날그날의 비, 구름, 바람, 기온 따위가 나타나는 기상 상태."
낮다,1,아래에서 위까지의 높이가 기준이 되는 대상이나 보통 정도에 미치지 못하는 상태에 있다.
냄새,1,코로 맡을 수 있는 온갖 기운.
냄새나다,1,"신선하지 않은 생선이나 더러운 옷, 몸 따위에서 좋지 않은 기운이 나오다."
냉장고,1,"식품이나 약품 따위를 차게 하거나 부패하지 않도록 저온에서 보관하기 위한 상자 모양의 장치. 저장실과 냉각 장치로 이루어지며 얼음, 전기, 가스 따위를 이용하여 냉각한다."
너,1,"듣는 이가 친구나 아랫사람일 때, 그 사람을 가리키는 이인칭 대명사. 주격 조사 ‘가’나 보격 조사 ‘가’가 붙으면 ‘네’가 된다."
너희,1,"듣는 이가 친구나 아랫사람들일 때, 그 사람들을 가리키는 이인칭 대명사."
넘어지다,1,사람이나 물체가 한쪽으로 기울어지며 쓰러지다.
노란색,1,병아리나 개나리꽃의 빛깔과 같이 매우 밝고 선명한 색.
노랗다,1,병아리나 개나리꽃과 같이 밝고 선명하게 노르다.
노래,1,가사에 곡조를 붙여 목소리로 부를 수 있게 만든 음악. 또는 그 음악을 목소리로 부름.
노래하다,1,가사에 곡조를 붙여 목소리로 부를 수 있게 만든 음악을 사람이 부르다.
놀다,1,놀이나 재미있는 일을 하며 즐겁게 지내다.
놀라다,1,뜻밖의 일이나 무서움에 가슴이 두근거리다.
놀이,1,여러 사람이 모여서 즐겁게 노는 일. 또는 그런 활동.
놀이터,1,주로 아이들이 놀이를 하는 곳.
높다,1,아래에서 위까지의 길이가 길다.
누구,1,잘 모르는 사람을 가리키는 인칭 대명사.
누구누구,1,어느 한 사람을 꼭 집어 말하지 않고 여러 사람을 두루 가리키는 인칭 대명사.
누나,1,"같은 부모에게서 태어난 사이거나 일가친척 가운데 항렬이 같은 사이에서, 남자가 손위 여자를 이르거나 부르는 말."
눈,1,"빛의 자극을 받아 물체를 볼 수 있는 감각 기관. 척추동물의 경우 안구ㆍ시각 신경 따위로 되어 있어, 외계에서 들어온 빛은 각막ㆍ눈동자ㆍ수정체를 지나 유리체를 거쳐 망막에 이르는데, 그 사이에 굴광체(屈光體)에 의하여 굴절되어 망막에 상을 맺는다."
눈물,1,"눈알 바깥면의 위에 있는 눈물샘에서 나오는 분비물. 늘 조금씩 나와서 눈을 축이거나 이물질을 씻어 내는데, 자극이나 감동을 받으면 더 많이 나온다."
눈사람,1,눈을 뭉쳐서 사람 모양으로 만든 것.
눈썹,1,두 눈두덩 위에 가로로 모여 난 짧은 털.
눕다,1,몸을 바닥 따위에 대고 수평 상태가 되게 하다.
느리다,1,어떤 동작을 하는 데 걸리는 시간이 길다.
다르다,1,비교가 되는 두 대상이 서로 같지 아니하다.
다리,1,사람이나 동물의 몸통 아래 붙어 있는 신체의 부분. 서고 걷고 뛰는 일 따위를 맡아 한다.
다치다,1,부딪치거나 맞거나 하여 신체에 상처가 생기다. 또는 상처를 입다.
단추,1,옷 따위의 두 폭이나 두 짝을 한데 붙였다 떼었다 하는 물건. 옷고름이나 끈 대신 사용한다. 한쪽에 달아 구멍에 끼우거나 수단추를 암단추에 끼우는 형태가 있다.
달걀,1,"닭이 낳은 알. 알껍데기, 노른자, 흰자 따위로 이루어져 있다."
달리다,1,물건이 일정한 곳에 걸리거나 매여 있게 되다. ‘달다’의 피동사.
닭,1,"꿩과의 새. 머리에 붉은 볏이 있고 날개는 퇴화하여 잘 날지 못하며 다리는 튼튼하다. 육용과 난용으로 육종된 수많은 품종이 있으며, 가금으로 가장 많이 사육한다. 원종은 인도, 말레이시아 등지의 들꿩이다."
더럽다,1,때나 찌꺼기 따위가 있어 지저분하다.
던지다,1,손에 든 물건을 다른 곳에 떨어지게 팔과 손목을 움직여 공중으로 내보내다.
도깨비,1,동물이나 사람의 형상을 한 잡된 귀신의 하나. 비상한 힘과 재주를 가지고 있어 사람을 홀리기도 하고 짓궂은 장난이나 심술궂은 짓을 많이 한다고 한다.
도둑,1,남의 물건을 훔치거나 빼앗는 따위의 나쁜 짓. 또는 그런 짓을 하는 사람.
도시락,1,"밥을 담는 작은 그릇. 플라스틱이나 얇은 나무판자, 알루미늄 따위로 만든다. 흔히 점심밥을 담아 가지고 다니는 데 쓴다."
돈,1,"사물의 가치를 나타내며, 상품의 교환을 매개하고, 재산 축적의 대상으로도 사용하는 물건. 예전에는 조가비, 짐승의 가죽, 보석, 옷감, 농산물 따위를 이용하였으나 요즈음은 금, 은, 동 따위의 금속이나 종이를 이용하여 만들며 그 크기나 모양, 액수 따위는 일정한 법률에 의하여 정한다."
돌다,1,물체가 일정한 축을 중심으로 원을 그리면서 움직이다.
동물,1,"생물계의 두 갈래 가운데 하나. 현재 100만~120만 종이 알려져 있고 그 가운데 약 80%는 곤충이 차지한다. 원생동물부터 척추동물까지 23개 문(門)으로 분류된다. 주로 유기물을 영양분으로 섭취하며, 운동, 감각, 신경 따위의 기능이 발달하였다. 소화, 배설, 호흡, 순환, 생식 따위의 기관이 분화되어 있다."
동물원,1,각지의 동물을 관람할 수 있도록 일정한 시설을 갖추어 놓은 곳.
동생,1,같은 부모에게서 태어난 사이거나 일가친척 가운데 항렬이 같은 사이에서 손윗사람이 손아랫사람을 이르거나 부르는 말.
된장찌개,1,된장을 풀어 넣고 끓인 찌개.
두부,1,콩으로 만든 식품의 하나. 물에 불린 콩을 갈아서 짜낸 콩 물을 끓인 다음 간수를 넣어 엉기게 하여 만든다.
듣다,1,사람이나 동물이 소리를 감각 기관을 통해 알아차리다.
등,1,사람이나 동물의 몸통에서 가슴과 배의 반대쪽 부분.
따뜻하다,1,덥지 않을 정도로 온도가 알맞게 높다.
딸기,1,"장미과 딸기속, 거문딸기속, 뱀딸기속 및 나무딸기속의 일부를 포함하는 식물을 통틀어 이르는 말. 보통은 딸기속 식물을 가리키며 열매는 식용하는 것이 많다."
딸꾹질,1,가로막의 경련으로 들이쉬는 숨이 방해를 받아 목구멍에서 이상한 소리가 나는 증세.
땅,1,강이나 바다와 같이 물이 있는 곳을 제외한 지구의 겉면.
떡,1,"곡식 가루를 찌거나, 그 찐 것을 치거나 빚어서 만든 음식을 통틀어 이르는 말."
떡볶이,1,"가래떡을 적당한 크기로 잘라 여러 가지 채소를 넣고 양념을 하여 볶은 음식. 양념은 간장으로 하기도 하고, 고추장으로 하기도 한다."
뚜껑,1,그릇이나 상자 따위의 아가리를 덮는 물건.
뛰다,1,있던 자리로부터 몸을 높이 솟구쳐 오르다.
뜨겁다,1,손이나 몸에 상당한 자극을 느낄 정도로 온도가 높다.
만나다,1,"선이나 길, 강 따위가 서로 마주 닿다."
만두,1,"밀가루 따위를 반죽하여 소를 넣어 빚은 음식. 삶거나 찌거나 기름에 튀겨 조리하는데, 떡국에 넣기도 하고 국을 만들어 먹기도 한다."
많다,1,"수효나 분량, 정도 따위가 일정한 기준 이상이다."
많이,1,"수효나 분량, 정도 따위가 일정한 기준보다 넘게."
말,1,사람의 생각이나 느낌 따위를 표현하고 전달하는 데 쓰는 음성 기호. 곧 사람의 생각이나 느낌 따위를 목구멍을 통하여 조직적으로 나타내는 소리를 가리킨다.
말하다,1,생각이나 느낌 따위를 말로 나타내다.
맵다,1,고추나 겨자와 같이 맛이 알알하다.
머리,1,"사람이나 동물의 목 위의 부분. 눈, 코, 입 따위가 있는 얼굴을 포함하며 머리털이 있는 부분을 이른다. 뇌와 중추 신경 따위가 들어 있다."
멈추다,1,사물의 움직임이나 동작이 그치다.
모두,1,일정한 수효나 양을 기준으로 하여 빠짐이나 넘침이 없는 전체.
모르다,1,사람이나 사물 따위를 알거나 이해하지 못하다.
목,1,척추동물의 머리와 몸통을 잇는 잘록한 부분.
목요일,1,월요일을 기준으로 한 주의 넷째 날.
몸,1,사람이나 동물의 형상을 이루는 전체. 또는 그것의 활동 기능이나 상태.
무릎,1,넙다리와 정강이의 사이에 앞쪽으로 둥글게 튀어나온 부분.
무섭다,1,어떤 대상에 대하여 꺼려지거나 무슨 일이 일어날까 겁나는 데가 있다.
물,1,"자연계에 강, 호수, 바다, 지하수 따위의 형태로 널리 분포하는 액체. 순수한 것은 빛깔, 냄새, 맛이 없고 투명하다. 산소와 수소의 화학적 결합물로, 어는점 이하에서는 얼음이 되고 끓는점 이상에서는 수증기가 된다. 공기와 더불어 생물이 살아가는 데 없어서는 안 될 중요한 물질이다."
물고기,1,어류의 척추동물을 통틀어 이르는 말.
미끄럼틀,1,앉아서 미끄러져 내려오도록 비스듬하게 만든 어린이 놀이기구.
미안하다,1,남에게 대하여 마음이 편치 못하고 부끄럽다.
바구니,1,대나 싸리 따위를 쪼개어 둥글게 결어 속이 깊숙하게 만든 그릇. 테두리에 대나무를 서너 겹 둘러 손잡이가 달린 형태로도 쓸 수 있다.
바꾸다,1,원래 있던 것을 없애고 다른 것으로 채워 넣거나 대신하게 하다.
바나나,1,"파초과의 상록 여러해살이풀. 높이는 3~10미터이며, 땅속의 알줄기에서 죽순 모양의 싹이 나와 긴 타원형의 녹색 잎이 8~10개가 뭉쳐나고, 긴 잎깍지가 서로 겹쳐 헛줄기를 이루면서 자란다. 초여름에 커다란 꽃줄기가 나와 엷은 누런색의 잔꽃이 이삭 모양으로 피고, 열매는 식용한다. 열대 지방이 원산지로 우리나라에서는 온실에서 재배한다."
바다,1,"지구 위에서 육지를 제외한 부분으로 짠물이 괴어 하나로 이어진 넓고 큰 부분. 지구 표면적의 약 70.8%를 차지하는데, 이는 육지 면적의 2.43배이다."
바람,1,기압의 변화 또는 사람이나 기계에 의하여 일어나는 공기의 움직임.
바지,1,아랫도리에 입는 옷의 하나. 위는 통으로 되고 아래에는 두 다리를 꿰는 가랑이가 있다.
반,1,얇게 펴서 다듬어 만든 조각.
반갑다,1,그리워하던 사람을 만나거나 원하는 일이 이루어져서 마음이 즐겁고 기쁘다.
반짝반짝,1,작은 빛이 잠깐 잇따라 나타났다가 사라지는 모양.
반찬,1,밥에 곁들여 먹는 음식을 통틀어 이르는 말.
발,1,사람이나 동물의 다리 맨 끝부분.
발가락,1,발끝의 다섯 개로 갈라진 부분. 또는 그것 하나하나.
밤,1,해가 져서 어두워진 때부터 다음 날 해가 떠서 밝아지기 전까지의 동안.
밥,1,"쌀, 보리 따위의 곡식을 씻어서 솥 따위의 용기에 넣고 물을 알맞게 부어, 낟알이 풀어지지 않고 물기가 잦아들게 끓여 익힌 음식."
방귀,1,음식물이 배 속에서 발효되는 과정에서 생기어 항문으로 나오는 구린내 나는 무색의 기체.
방학,1,"일정 기간 동안 수업을 쉬는 일. 또는 그 기간. 주로 학교에서 학기나 학년이 끝난 뒤 또는 더위, 추위가 심할 때 실시한다."
배,1,"사람이나 동물의 몸에서 위장, 창자, 콩팥 따위의 내장이 들어 있는 곳으로 가슴과 엉덩이 사이의 부위."
배부르다,1,더 먹을 수 없이 양이 차다.
배우다,1,새로운 지식이나 교양을 얻다.
버리다,1,가지거나 지니고 있을 필요가 없는 물건을 내던지거나 쏟거나 하다.
벌레,1,곤충을 비롯하여 기생충과 같은 하등 동물을 통틀어 이르는 말.
벗다,1,사람이 자기 몸 또는 몸의 일부에 착용한 물건을 몸에서 떼어 내다.
베개,1,잠을 자거나 누울 때에 머리를 괴는 물건.
별,1,빛을 관측할 수 있는 천체 가운데 성운처럼 퍼지는 모양을 가진 천체를 제외한 모든 천체. 천문학적으로는 태양이 포함되나 일상적으로는 포함되지 않는다. 밝기는 등급으로 표시한다.
병아리,1,아직 다 자라지 아니한 어린 닭. 닭의 새끼를 이른다.
보다,1,눈으로 대상의 존재나 형태적 특징을 알다.
볶음밥,1,"쌀밥에 당근, 쇠고기, 감자 따위를 잘게 썰어 넣고 기름에 볶아 만든 음식."
봄,1,"한 해의 네 철 가운데 첫째 철. 겨울과 여름 사이이며, 달로는 3~5월, 절기(節氣)로는 입춘부터 입하 전까지를 이른다."
부르다,1,말이나 행동 따위로 다른 사람의 주의를 끌거나 오라고 하다.
부엌,1,일정한 시설을 갖추어 놓고 음식을 만들고 설거지를 하는 등 식사에 관련된 일을 하는 곳.
불,1,물질이 산소와 화합하여 높은 온도로 빛과 열을 내면서 타는 것.
비,1,대기 중의 수증기가 높은 곳에서 찬 공기를 만나 식어서 엉기어 땅 위로 떨어지는 물방울.
비행기,1,"동력으로 프로펠러를 돌리거나 연소 가스를 내뿜는 힘에 의하여 생기는 양력(揚力)을 이용하여 공중으로 떠서 날아다니는 항공기. 1903년에 미국의 라이트 형제가 육상 비행을 한 것이 동력 비행의 맨 처음이며, 추진의 종류에 따라 프로펠러식과 분사식으로 나눈다."
빠르다,1,어떤 동작을 하는 데 걸리는 시간이 짧다.
빨간색,1,피나 익은 고추와 같이 밝고 짙은 붉은색.
빨갛다,1,피나 익은 고추와 같이 밝고 짙게 붉다.
빨대,1,물 따위를 빨아올리는 데 쓰는 가는 대.
빵,1,"밀가루를 주원료로 하여 소금, 설탕, 버터, 효모 따위를 섞어 반죽하여 발효한 뒤에 불에 굽거나 찐 음식. 서양 사람들의 주 음식이다."
뼈,1,"척추동물의 살 속에서 그 몸을 지탱하는 단단한 물질. 표면은 뼈막으로 덮여 있고, 속에는 혈구를 만드는 골수로 채워져 있다."
사다,1,값을 치르고 어떤 물건이나 권리를 자기 것으로 만들다.
사람,1,"생각을 하고 언어를 사용하며, 도구를 만들어 쓰고 사회를 이루어 사는 동물."
사랑,1,어떤 사람이나 존재를 몹시 아끼고 귀중히 여기는 마음. 또는 그런 일.
사랑하다,1,어떤 사람이나 존재를 몹시 아끼고 귀중히 여기다.
사슴,1,"사슴과에 속하는 포유류를 통틀어 이르는 말. 대륙사슴, 백두산사슴, 우수리사슴 따위가 있다."
산,1,평지보다 높이 솟아 있는 땅의 부분.
색깔,1,물체가 빛을 받을 때 빛의 파장에 따라 그 거죽에 나타나는 특유한 빛.
색연필,1,"심을 납(蠟), 찰흙, 백악(白堊) 따위의 광물질 물감을 섞어서 여러 가지 색깔이 나게 만든 연필."
색종이,1,여러 가지 색깔로 물들인 종이. 주로 어린이들의 공작용 접기나 오려 붙이기 따위에 쓴다.
생선,1,먹기 위해 잡은 신선한 물고기.
생일잔치,1,생일에 음식을 차려 놓고 여러 사람이 모여 즐기는 일.
설날,1,우리나라 명절의 하나. 정월 초하룻날이다.
소금,1,"짠맛이 나는 백색의 결정체. 대표적인 조미료로, 주성분은 염화 나트륨이다. 천연으로는 바닷물에 약 2.8% 들어 있으며, 암염으로도 산출된다. 인체의 혈액이나 세포 안에 약 0.71% 들어 있고, 어른의 하루 소요량은 10~20그램이다. 양념, 식품의 저장, 화학 공업의 원료 따위로 쓴다."
소리,1,물체의 진동에 의하여 생긴 음파가 귀청을 울리어 귀에 들리는 것.
손,1,"사람의 팔목 끝에 달린 부분. 손등, 손바닥, 손목으로 나뉘며 그 끝에 다섯 개의 손가락이 있어, 무엇을 만지거나 잡거나 한다."
손가락,1,손끝의 다섯 개로 갈라진 부분. 또는 그것 하나하나.
손톱,1,손가락 끝에 붙어 있는 딱딱하고 얇은 조각. 손가락 끝을 보호하는 역할을 한다.
솜사탕,1,"솜 모양으로 만든 사탕의 하나. 설탕을 불에 녹인 후 빙빙 돌아가는 기계의 작은 구멍으로 밀어 내면 바깥 공기에 닿아서 섬유 모양으로 굳어지는데, 이것을 막대기에 감아 솜 모양으로 만든다."
수영장,1,수영을 할 수 있도록 일정한 시설을 갖춘 곳.
수요일,1,월요일을 기준으로 한 주의 셋째 날.
숟가락,1,"밥이나 국물 따위를 떠먹는 기구. 은ㆍ백통ㆍ놋쇠 따위로 만들며, 생김새는 우묵하고 길둥근 바닥에 자루가 달려 있다."
숫자,1,"수를 나타내는 글자. 1, 2, 3 …… 또는 一, 二, 三 …… 따위이다."
쉽다,1,하기가 까다롭거나 힘들지 않다.
스케치북,1,스케치를 할 수 있도록 도화지 따위를 여러 장 한데 모아 맨 책.
스티커,1,"앞면에는 글이나 그림을 인쇄하고 뒷면에는 접착제를 발라 놓아서 쉽게 붙일 수 있게 만든 종이. 무엇을 널리 알리거나 표시하는 데에 사용하며, 종이 외에 셀로판지, 플라스틱 따위로도 만든다."
슬프다,1,원통한 일을 겪거나 불쌍한 일을 보고 마음이 아프고 괴롭다.
시원하다,1,덥거나 춥지 아니하고 알맞게 서늘하다.
식탁,1,음식을 차려 놓고 둘러앉아 먹게 만든 탁자.
신나다,1,어떤 일에 흥미나 열성이 생겨 기분이 매우 좋아지다.
신다,1,"신, 버선, 양말 따위를 발에 꿰다."
신발,1,"땅을 딛고 서거나 걸을 때 발에 신는 물건을 통틀어 이르는 말. 가죽ㆍ고무ㆍ비닐ㆍ헝겊ㆍ나무ㆍ짚ㆍ삼 따위로 만들며, 모양과 용도에 따라 여러 가지가 있다."
신호등,1,"도로에 설치하여, 적색ㆍ녹색ㆍ황색 및 녹색 화살 표시 따위의 점멸로 통행 차량이나 사람에게 정지ㆍ우회ㆍ진행 따위를 지시하는 장치."
심심하다,1,하는 일이 없어 지루하고 재미가 없다.
싸우다,1,"말, 힘, 무기 따위를 가지고 서로 이기려고 다투다."
쌀,1,벼에서 껍질을 벗겨 낸 알맹이.
쓰다,1,"붓, 펜, 연필과 같이 선을 그을 수 있는 도구로 종이 따위에 획을 그어서 일정한 글자의 모양이 이루어지게 하다."
쓰레기,1,"비로 쓸어 낸 먼지나 티끌, 또는 못 쓰게 되어 내다 버릴 물건이나 내다 버린 물건을 통틀어 이르는 말."
쓰레기통,1,쓰레기를 담거나 모아 두는 통.
씹다,1,사람이나 동물이 음식 따위를 입에 넣고 윗니와 아랫니를 움직여 잘게 자르거나 부드럽게 갈다.
씻다,1,물이나 휴지 따위로 때나 더러운 것을 없게 하다.
아니다,1,어떤 사실을 부정하는 뜻을 나타내는 말.
아빠,1,"격식을 갖추지 않아도 되는 상황에서, ‘아버지’를 이르거나 부르는 말."
아이스크림,1,"우유, 달걀, 향료, 설탕 따위를 넣어 크림 상태로 얼린 것."
아저씨,1,"부모와 같은 항렬에 있는, 아버지의 친형제를 제외한 남자를 이르는 말."
아줌마,1,‘아주머니’를 친근하게 또는 낮추어 이르거나 부르는 말.
아침,1,날이 새면서 오전 반나절쯤까지의 동안.
아프다,1,몸의 어느 부분이 다치거나 맞거나 자극을 받아 괴로움을 느끼다.
악어,1,"들어서 해가 되거나, 못되게 말함. 또는 그런 말."
앉다,1,사람이나 동물이 윗몸을 바로 한 상태에서 엉덩이에 몸무게를 실어 다른 물건이나 바닥에 몸을 올려놓다.
알,1,"조류, 파충류, 어류, 곤충 따위의 암컷이 낳는, 둥근 모양의 물질. 일정한 시간이 지나면 새끼나 애벌레로 부화한다."
알다,1,"교육이나 경험, 사고 행위를 통하여 사물이나 상황에 대한 정보나 지식을 갖추다."
약,1,어떤 식물이 성숙해서 지니게 되는 맵거나 쓴 자극성 성분.
약속,1,다른 사람과 앞으로의 일을 어떻게 할 것인가를 미리 정하여 둠. 또는 그렇게 정한 내용.
양,1,갓모자의 밑 둘레 밖으로 둥글넓적하게 된 부분.
양말,1,맨발에 신도록 실이나 섬유로 짠 것.
어깨,1,"사람의 몸에서, 목의 아래 끝에서 팔의 위 끝에 이르는 부분."
어디,1,잘 모르는 어느 곳을 가리키는 지시 대명사.
어른,1,다 자란 사람. 또는 다 자라서 자기 일에 책임을 질 수 있는 사람.
어린이,1,"‘어린아이’를 대접하거나 격식을 갖추어 이르는 말. 대개 4, 5세부터 초등학생까지의 아이를 이른다."
언니,1,같은 부모에게서 태어난 사이이거나 일가친척 가운데 항렬이 같은 동성의 손위 형제를 이르거나 부르는 말. 주로 여자 형제 사이에 많이 쓴다.
얼굴,1,"눈, 코, 입이 있는 머리의 앞면."
엄마,1,"격식을 갖추지 않아도 되는 상황에서, ‘어머니’를 이르거나 부르는 말."
없다,1,"사람, 동물, 물체 따위가 실제로 존재하지 않는 상태이다."
엉엉,1,목을 놓아 크게 우는 소리. 또는 그 모양.
엎드리다,1,배를 바닥에 붙이거나 팔다리를 짚고 몸 전체를 길게 뻗다.
여름,1,"한 해의 네 철 가운데 둘째 철. 봄과 가을 사이이며, 낮이 길고 더운 계절로, 달로는 6~8월, 절기(節氣)로는 입하부터 입추 전까지를 이른다."
여보세요,1,‘여봐요’를 조금 높여 이르는 말.
연필,1,"필기도구의 하나. 흑연과 점토의 혼합물을 구워 만든 가느다란 심을 속에 넣고, 겉은 나무로 둘러싸서 만든다. 1565년에 영국에서 처음으로 만들었다."
옆,1,사물의 오른쪽이나 왼쪽의 면. 또는 그 근처.
예쁘다,1,생긴 모양이 아름다워 눈으로 보기에 좋다.
옛날,1,지난 지 꽤 오래된 시기를 막연히 이르는 말.
오다,1,어떤 사람이 말하는 사람 혹은 기준이 되는 사람이 있는 쪽으로 움직여 위치를 옮기다.
오줌,1,혈액 속의 노폐물과 수분이 신장에서 걸러져서 방광 속에 괴어 있다가 요도를 통하여 몸 밖으로 배출되는 액체. 빛깔은 누렇고 지린내가 난다.
옷,1,몸을 싸서 가리거나 보호하기 위하여 피륙 따위로 만들어 입는 물건.
왼쪽,1,북쪽을 향하였을 때의 서쪽과 같은 쪽.
우리나라,1,우리 한민족이 세운 나라를 스스로 이르는 말.
우산,1,"우비(雨備)의 하나. 펴고 접을 수 있어 비가 올 때에 펴서 손에 들고 머리 위를 가린다. 박쥐우산, 비닐우산, 지우산 따위가 있다."
우유,1,"소의 젖. 백색으로, 살균하여 음료로 마시며 아이스크림, 버터, 치즈 따위의 원료로도 쓴다."
운동화,1,운동할 때 신는 신. 또는 평상시에 활동하기 편하게 신는 신.
울다,1,"기쁨, 슬픔 따위의 감정을 억누르지 못하거나 아픔을 참지 못하여 눈물을 흘리다. 또는 그렇게 눈물을 흘리면서 소리를 내다."
움직이다,1,멈추어 있던 자세나 자리가 바뀌다. 또는 자세나 자리를 바꾸다.
웃다,1,기쁘거나 만족스럽거나 우스울 때 얼굴을 활짝 펴거나 소리를 내다.
월요일,1,한 주(週)가 시작하는 기준이 되는 날.
위,1,어떤 기준보다 더 높은 쪽. 또는 사물의 중간 부분보다 더 높은 쪽.
음식,1,"사람이 먹을 수 있도록 만든, 밥이나 국 따위의 물건."
이기다,1,"내기나 시합, 싸움 따위에서 재주나 힘을 겨루어 우위를 차지하다."
이름,1,"다른 것과 구별하기 위하여 사물, 단체, 현상 따위에 붙여서 부르는 말."
이불,1,"잘 때 몸을 덮기 위하여 피륙 같은 것으로 만든 침구의 하나. 솜을 넣기도 한다. 솜이불, 겹이불, 홑이불 따위가 있다."
이야기,1,"어떤 사물이나 사실, 현상에 대하여 일정한 줄거리를 가지고 하는 말이나 글."
이야기하다,1,"어떤 사물이나 사실, 현상에 대하여 일정한 줄거리를 가지고 말을 하거나 글로 쓰다."
인사,1,사회적 지위가 높거나 사회적 활동이 많은 사람.
인사하다,1,마주 대하거나 헤어질 때에 예를 표하다.
인형,1,사람이나 동물 모양으로 만든 장난감.
일어나다,1,누웠다가 앉거나 앉았다가 서다.
일요일,1,월요일을 기준으로 한 주의 마지막 날.
읽다,1,글이나 글자를 보고 그 음대로 소리 내어 말로써 나타내다.
입,1,"입술에서 후두(喉頭)까지의 부분. 음식이나 먹이를 섭취하며, 소리를 내는 기관이다."
있다,1,사람이나 동물이 어느 곳에서 떠나거나 벗어나지 아니하고 머물다.
자다,1,생리적인 요구에 따라 눈이 감기면서 한동안 의식 활동이 쉬는 상태가 되다.
자동차,1,"원동기를 장치하여 그 동력으로 바퀴를 굴려서 철길이나 가설된 선에 의하지 아니하고 땅 위를 움직이도록 만든 차. 승용차, 승합자동차, 화물 자동차, 특수 자동차 및 이륜자동차가 있다."
자리,1,사람이나 물체가 차지하고 있는 공간.
자전거,1,사람이 타고 앉아 두 다리로 바퀴를 돌려서 움직이게 하는 탈것. 바퀴는 흔히 두 개이며 한 개짜리나 세 개짜리도 있다.
작다,1,"길이, 넓이, 부피 따위가 비교 대상이나 보통보다 덜하다."
잠,1,눈이 감긴 채 의식 활동이 쉬는 상태.
장갑,1,"손을 보호하거나 추위를 막거나 장식하기 위하여 손에 끼는 물건. 천, 가죽, 털실 따위로 만든다."
장난,1,주로 어린아이들이 재미로 하는 짓. 또는 심심풀이 삼아 하는 짓.
장난감,1,아이들이 가지고 노는 여러 가지 물건.
재미,1,아기자기하게 즐거운 기분이나 느낌.
재미없다,1,아기자기하게 즐겁고 유쾌한 기분이나 느낌이 없다.
재미있다,1,아기자기하게 즐겁고 유쾌한 기분이나 느낌이 있다.
저녁,1,해가 질 무렵부터 밤이 되기까지의 사이.
점심,1,"하루 중에 해가 가장 높이 떠 있는, 정오부터 반나절쯤까지의 동안."
접다,1,천이나 종이 따위를 꺾어서 겹치다.
접시,1,"운두가 낮고 납작한 그릇. 반찬이나 과일, 떡 따위를 담는 데 쓴다."
젓가락,1,"음식을 집어 먹거나, 물건을 집는 데 쓰는 기구. 한 쌍의 가늘고 짤막한 나무나 쇠붙이 따위로 만든다."
정리하다,1,흐트러지거나 혼란스러운 상태에 있는 것을 한데 모으거나 치워서 질서 있는 상태가 되게 하다.
조심조심,1,잘못이나 실수가 없도록 말이나 행동에 매우 마음을 쓰는 모양.
종이,1,식물성 섬유를 원료로 하여 만든 얇은 물건. 주로 글을 쓰거나 그림을 그리거나 인쇄를 하는 데 쓴다.
종이접기,1,"종이를 접어서 학, 배, 비행기 따위의 모양을 만드는 일."
좋다,1,대상의 성질이나 내용 따위가 보통 이상의 수준이어서 만족할 만하다.
좋아하다,1,어떤 일이나 사물 따위에 대하여 좋은 느낌을 가지다.
주다,1,물건 따위를 남에게 건네어 가지거나 누리게 하다.
주머니,1,자질구레한 물품 따위를 넣어 허리에 차거나 들고 다니도록 만든 물건. 천이나 가죽 따위로 만든다.
줍다,1,바닥에 떨어지거나 흩어져 있는 것을 집다.
지우개,1,글씨나 그림 따위를 지우는 물건.
집,1,"사람이나 동물이 추위, 더위, 비바람 따위를 막고 그 속에 들어 살기 위하여 지은 건물."
짝,1,둘 또는 그 이상이 서로 어울려 한 벌이나 한 쌍을 이루는 것. 또는 그중의 하나.
짧다,1,잇닿아 있는 공간이나 물체의 두 끝의 사이가 가깝다.
차갑다,1,촉감이 서늘하고 썩 찬 느낌이 있다.
착하다,1,언행이나 마음씨가 곱고 바르며 상냥하다.
창문,1,"공기나 햇빛을 받을 수 있고, 밖을 내다볼 수 있도록 벽이나 지붕에 낸 문."
찾다,1,현재 주변에 없는 것을 얻거나 사람을 만나려고 여기저기를 뒤지거나 살피다. 또는 그것을 얻거나 그 사람을 만나다.
책,1,종이를 여러 장 묶어 맨 물건.
책상,1,앉아서 책을 읽거나 글을 쓰거나 사무를 보거나 할 때에 앞에 놓고 쓰는 상.
천천히,1,동작이나 태도가 급하지 아니하고 느리게.
초록,1,필요한 부분만을 뽑아서 적음. 또는 그런 기록.
초록색,1,파랑과 노랑의 중간색. 또는 그런 색의 물감.
초콜릿,1,"카카오나무 열매의 씨를 볶아 만든 가루에 우유, 설탕, 향료 따위를 섞어 만든 것."
축하,1,남의 좋은 일을 기뻐하고 즐거워한다는 뜻으로 인사함. 또는 그런 인사.
축하하다,1,남의 좋은 일을 기뻐하고 즐거워한다는 뜻으로 인사하다.
춤,1,장단에 맞추거나 흥에 겨워 팔다리와 몸을 율동적으로 움직여 뛰노는 동작.
치마,1,허리부터 다리 부분까지 하나로 이어져 가랑이가 없는 아래옷.
칭찬,1,좋은 점이나 착하고 훌륭한 일을 높이 평가함. 또는 그런 말.
칭찬하다,1,좋은 점이나 착하고 훌륭한 일을 높이 평가하다.
케이크,1,"밀가루, 달걀, 버터, 우유, 설탕 따위를 주원료로 하여 오븐 따위에 구운 서양 음식."
코,1,"포유류의 얼굴 중앙에 튀어나온 부분. 호흡을 하며 냄새를 맡는 구실을 하고, 발성(發聲)을 돕는다."
코끼리,1,"포유류인 아시아코끼리, 아프리카코끼리를 통틀어 이르는 말. 뭍에 사는 동물 가운데 가장 큰 것으로, 살가죽은 두껍고 털이 거의 없으며 자유로이 움직일 수 있는 긴 코와 상아라고 하는 긴 앞니가 두 개 있다."
콩,1,"콩과의 한해살이풀. 높이는 60~100cm이며, 잎은 어긋나고 세 쪽 겹잎인데 털이 있다. 7~8월에 잎겨드랑이의 짧은 가지에 흰색, 붉은색, 보라색의 작은 나비 모양 꽃이 총상(總狀) 화서로 피고, 그 가운데 몇 개의 꽃이 결실하여 꼬투리가 된다. 꼬투리 속에는 1~3개의 긴 타원형의 씨가 들어 있다. 씨는 식용하거나 기름을 짜서 쓴다. 중국이 원산지로 한국, 만주, 아메리카, 아프리카 등지에 분포한다."
콩나물,1,콩을 물이 잘 빠지는 그릇 따위에 담아 그늘에 두고 물을 주어 자라게 한 것. 또는 그것으로 만든 나물.
쾅쾅,1,무겁고 단단한 물체가 잇따라 바닥에 떨어지거나 다른 물체와 부딪쳐 울리는 소리. ‘꽝꽝’보다 거센 느낌을 준다.
크기,1,"사물의 넓이, 부피, 양 따위의 큰 정도."
크다,1,"사람이나 사물의 외형적 길이, 넓이, 높이, 부피 따위가 보통 정도를 넘다."
크레파스,1,"안료(顔料)를 연질유로 굳힌 막대기 모양의 칠감. 크레용과 파스텔의 특색을 따서 만든 것으로, 색깔을 덧칠하거나 섞어 칠할 수 있다."
키,1,사람이나 동물이 똑바로 섰을 때에 발바닥에서 머리끝에 이르는 몸의 길이.
타다,1,불씨나 높은 열로 불이 붙어 번지거나 불꽃이 일어나다.
태어나다,1,사람이나 동물이 형태를 갖추어 어미의 태(胎)로부터 세상에 나오다.
털,1,사람이나 동물의 피부에 나는 가느다란 실 모양의 것.
텔레비전,1,사물의 광학적인 상을 전파에 실어 보내어 수신 장치에 재현하는 전기 통신 방식. 또는 그 영상을 받는 수상기.
토끼,1,"토낏과의 포유류를 통틀어 이르는 말. 귀가 길고 뒷다리가 앞다리보다 발달하였으며 꼬리는 짧다. 초식성으로 번식력이 강하다. 여러 종류가 있으며 아프리카, 아메리카, 아시아, 유럽 등지에 분포한다."
토요일,1,월요일을 기준으로 한 주의 여섯째 날.
파란색,1,맑은 가을 하늘과 같이 밝고 선명한 푸른색.
파랗다,1,"맑은 가을 하늘이나 깊은 바다, 새싹과 같이 밝고 선명하게 푸르다."
풀,1,쌀이나 밀가루 따위의 전분질에서 빼낸 끈끈한 물질. 무엇을 붙이거나 피륙 따위를 빳빳하게 만드는 데 쓴다.
피아노,1,"큰 공명 상자 속에 85개 이상의 금속 현을 치고, 이와 연결된 건반을 눌러서 현을 때리게 하는 장치로 소리를 내는 건반 악기. 음역이 넓고 표현력이 풍부하다. 18세기 초 이탈리아에서 크리스토포리(Christofori, B.)가 고안하여 독일에서 완성하였다."
필통,1,붓이나 필기구 따위를 꽂아 두는 통.
하늘,1,지평선이나 수평선 위로 보이는 무한대의 넓은 공간.
하루,1,한 낮과 한 밤이 지나는 동안. 대개 자정(子正)에서 다음 날 자정까지를 이른다.
하마,1,바라건대. 또는 행여나 어찌하면.
하얗다,1,깨끗한 눈이나 밀가루와 같이 밝고 선명하게 희다.
하품,1,"졸리거나 고단하거나 배부르거나 할 때, 절로 입이 벌어지면서 하는 깊은 호흡."
학교,1,일정한 목적ㆍ교과 과정ㆍ설비ㆍ제도 및 법규에 의하여 계속적으로 학생에게 교육을 실시하는 기관.
한글,1,"우리나라 고유의 글자. 음소 문자인데 그보다 더 발전된 자질 문자로 분류되기도 한다. 세종 대왕이 우리말을 표기하기 위하여 창제한 훈민정음을 20세기 이후 달리 이르는 명칭이다. 1446년 반포될 당시에는 28자모(字母)였지만, 현행 한글 맞춤법에서는 24자모만 쓴다."
할머니,1,부모의 어머니를 이르거나 부르는 말.
할아버지,1,부모의 아버지를 이르거나 부르는 말.
해,1,‘태양’을 일상적으로 이르는 말.
혀,1,동물의 입안 아래쪽에 있는 길고 둥근 살덩어리. 맛을 느끼며 소리를 내는 구실을 한다.
형,1,같은 부모에게서 태어난 사이이거나 일가친척 가운데 항렬이 같은 남자들 사이에서 손윗사람을 이르거나 부르는 말. 주로 남자 형제 사이에 많이 쓴다.
호랑이,1,"고양잇과의 포유류. 몸의 길이는 2미터 정도이며, 등은 누런 갈색이고 검은 가로무늬가 있으며 배는 흰색이다. 꼬리는 길고 검은 줄무늬가 있다. 삼림이나 대숲에 혼자 또는 암수 한 쌍이 같이 사는데 시베리아 남부에서 인도, 자바 등지에 분포한다."
혼나다,1,매우 놀라거나 힘들거나 시련을 당하거나 하여서 정신이 빠질 지경에 이르다.
혼내다,1,윗사람이 아랫사람의 잘못에 대하여 호되게 나무라거나 벌을 주다.
화요일,1,월요일을 기준으로 한 주의 둘째 날.
흔들다,1,"사람이나 동물 등이 몸의 일부나 전체, 또는 손에 잡은 물체 따위를 좌우, 앞뒤, 상하로 자꾸 움직이게 하다."
흙,1,"지구의 표면을 덮고 있는, 바위가 부스러져 생긴 가루인 무기물과 동식물에서 생긴 유기물이 섞여 이루어진 물질."
흰색,1,눈이나 우유의 빛깔과 같이 밝고 선명한 색.
가게,2,작은 규모로 물건을 파는 집.
가깝다,2,어느 한 곳에서 다른 곳까지의 거리가 짧다.
가려움,2,긁고 싶은 기분을 일으키는 감각.
가르치다,2,"지식이나 기능, 이치 따위를 깨닫게 하거나 익히게 하다."
가운데,2,"일정한 공간이나 길이를 갖는 사물에서, 한쪽으로 치우치지 않고 양 끝에서 거의 같은 거리가 떨어져 있는 부분."
가장,2,여럿 가운데 어느 것보다 정도가 높거나 세게.
가져가다,2,무엇을 한 지점에서 다른 지점으로 옮겨 가다.
가져오다,2,무엇을 한 지점에서 다른 지점으로 옮겨 오다.
가지,2,나무나 풀의 원줄기에서 뻗어 나온 줄기.
가지다,2,손이나 몸 따위에 있게 하다.
가짜,2,거짓을 참인 것처럼 꾸민 것.
걱정,2,안심이 되지 않아 속을 태움.
걱정하다,2,안심이 되지 않아 속을 태우다.
걸어가다,2,목적지를 향하여 발로 걸어서 나아가다.
걸음,2,두 발을 번갈아 옮겨 놓는 동작.
게으르다,2,행동이 느리고 움직이거나 일하기를 싫어하는 성미나 버릇이 있다.
겪다,2,어렵거나 경험될 만한 일을 당하여 치르다.
결혼식,2,부부 관계를 맺는 서약을 하는 의식.
경찰관,2,‘경찰 공무원’을 일상적으로 이르는 말.
계절,2,"규칙적으로 되풀이되는 자연 현상에 따라서 일 년을 구분한 것. 일반적으로 온대 지방은 기온의 차이를 기준으로 하여 봄, 여름, 가을, 겨울의 네 계절로 나누고, 열대 지방에서는 강우량을 기준으로 하여 건기와 우기로 나눈다. 천문학적으로는 춘분, 하지, 추분, 동지로 나눈다."
고르다,2,여럿 중에서 가려내거나 뽑다.
고치다,2,고장이 나거나 못 쓰게 된 물건을 손질하여 제대로 되게 하다.
곤충,2,곤충강에 속한 동물을 통틀어 이르는 말.
골목,2,큰길에서 들어가 동네 안을 이리저리 통하는 좁은 길.
곳,2,공간적인 또는 추상적인 일정한 자리나 지역.
공기놀이,2,공기를 가지고 노는 아이들 놀이.
공부,2,학문이나 기술을 배우고 익힘.
공부하다,2,학문이나 기술을 배우고 익히다.
공짜,2,힘이나 돈을 들이지 않고 거저 얻은 물건.
공책,2,글씨를 쓰거나 그림을 그리도록 백지로 매어 놓은 책.
괜찮다,2,별로 나쁘지 않고 보통 이상이다.
괴롭히다,2,몸이나 마음이 편하지 않고 고통스럽게 하다. ‘괴롭다’의 사동사.
굴리다,2,바퀴처럼 돌면서 옮겨 가게 하다. ‘구르다’의 사동사.
궁금하다,2,무엇이 알고 싶어 마음이 몹시 답답하고 안타깝다.
귀신,2,사람이 죽은 뒤에 남는다는 넋.
그냥,2,더 이상의 변화 없이 그 상태 그대로.
그렇다,2,"상태, 모양, 성질 따위가 그와 같다."
글,2,생각이나 일 따위의 내용을 글자로 나타낸 기록.
금,2,시세나 흥정에 따라 결정되는 물건의 값.
급식,2,식사를 공급함. 또는 그 식사.
기름,2,"물보다 가볍고 불을 붙이면 잘 타는 액체. 약간 끈기가 있고 미끈미끈하며 물에 잘 풀리지 않는다. 동물의 살, 뼈, 가죽에 엉기어 있기도 하고 식물의 씨앗에서 짜내기도 하는데, 원료에 따라서 빛깔과 성질이 다르고 쓰임새가 매우 다양하다."
기본,2,"사물이나 현상, 이론, 시설 따위를 이루는 바탕."
기분,2,"대상ㆍ환경 따위에 따라 마음에 절로 생기며 한동안 지속되는, 유쾌함이나 불쾌함 따위의 감정."
기쁘다,2,욕구가 충족되어 마음이 흐뭇하고 흡족하다.
기쁨,2,욕구가 충족되었을 때의 흐뭇하고 흡족한 마음이나 느낌.
깊다,2,겉에서 속까지의 거리가 멀다.
까맣다,2,불빛이 전혀 없는 밤하늘과 같이 밝고 짙게 검다. ‘가맣다’보다 센 느낌을 준다.
깜박하다,2,기억이나 의식 따위가 잠깐 흐려지다.
깨우다,2,"잠, 꿈 따위에서 벗어나게 하다. ‘깨다’의 사동사."
꼬맹이,2,‘꼬마’를 낮잡아 이르는 말.
꼭대기,2,높이가 있는 사물의 맨 위쪽.
꽃잎,2,꽃을 이루고 있는 낱낱의 조각 잎.
꾸미다,2,모양이 나게 매만져 차리거나 손질하다.
끼어들다,2,자기 순서나 자리가 아닌 틈 사이를 비집고 들어서다.
나라,2,"일정한 영토와 거기에 사는 사람들로 구성되고, 주권(主權)에 의한 하나의 통치 조직을 가지고 있는 사회 집단. 국민ㆍ영토ㆍ주권의 삼요소를 필요로 한다."
나물,2,"사람이 먹을 수 있는 풀이나 나뭇잎 따위를 통틀어 이르는 말. 고사리, 도라지, 두릅, 냉이 따위가 있다."
나뭇가지,2,나무의 줄기에서 뻗어 나는 가지.
나타내다,2,보이지 아니하던 어떤 대상이 모습을 드러내다.
날,2,지구가 한 번 자전하는 동안. 자정에서 다음 자정까지의 동안으로 24시간이다.
남기다,2,다 쓰거나 정해진 수준에 이르지 않고 나머지가 있게 하다. ‘남다’의 사동사.
남다,2,다 쓰지 않거나 정해진 수준에 이르지 않아 나머지가 있게 되다.
낱말,2,따로따로인 한 말[斗] 한 말.
너무,2,일정한 정도나 한계를 훨씬 넘어선 상태로.
놀리다,2,짓궂게 굴거나 흉을 보거나 웃음거리로 만들다.
농부,2,농사짓는 일을 직업으로 하는 사람.
높임말,2,"사람이나 사물을 높여서 이르는 말. ‘아버님’, ‘선생님’ 따위의 직접 높임말, ‘진지’, ‘따님’, ‘아드님’ 따위의 간접 높임말, ‘뵙다’, ‘여쭙다’, ‘드리다’ 따위의 객체 높임말이 있다."
놓다,2,손으로 무엇을 쥐거나 잡거나 누르고 있는 상태에서 손을 펴거나 힘을 빼서 잡고 있던 물건이 손 밖으로 빠져나가게 하다.
눈동자,2,"눈알의 한가운데에 있는, 빛이 들어가는 부분. 검게 보이며, 빛의 세기에 따라 그 주위를 둘러싸고 있는 홍채로 크기가 조절된다."
느낌,2,몸의 감각이나 마음으로 깨달아 아는 기운이나 감정.
단원,2,"어떤 주제나 내용을 중심으로 묶은 학습 단위. 내용에 따라 교재 단원, 경험 단원, 문제 단원, 작업 단원 따위로 나눈다."
달력,2,"1년 가운데 달, 날, 요일, 이십사절기, 행사일 따위의 사항을 날짜에 따라 적어 놓은 것."
담다,2,어떤 물건을 그릇 따위에 넣다.
답안,2,문제의 해답. 또는 그 해답을 쓴 것.
답하다,2,부르는 말에 응하여 어떤 말을 하다.
대답,2,부르는 말에 응하여 어떤 말을 함. 또는 그 말.
대답하다,2,부르는 말에 응하여 어떤 말을 하다.
더,2,계속하여. 또는 그 위에 보태어.
데굴데굴,2,큰 물건이 계속 구르는 모양.
데려다주다,2,일정한 곳까지 함께 거느리고 가 주다.
도서관,2,"온갖 종류의 도서, 문서, 기록, 출판물 따위의 자료를 모아 두고 일반이 볼 수 있도록 한 시설."
돌려주다,2,빌리거나 뺏거나 받거나 한 것을 주인에게 도로 주거나 갚다.
동네,2,사람들이 생활하는 여러 집이 모여 있는 곳.
두,2,그 수량이 둘임을 나타내는 말.
두근두근,2,몹시 놀라거나 불안하여 자꾸 가슴이 뛰는 소리. 또는 그 모양.
두껍다,2,두께가 보통의 정도보다 크다.
두드리다,2,소리가 나도록 잇따라 치거나 때리다.
드러나다,2,가려 있거나 보이지 않던 것이 보이게 되다.
따르다,2,"다른 사람이나 동물의 뒤에서, 그가 가는 대로 같이 가다."
딱지,2,"헌데나 상처에서 피, 고름, 진물 따위가 나와 말라붙어 생긴 껍질."
떠나다,2,있던 곳에서 다른 곳으로 옮기다.
떠올리다,2,기억을 되살려 내거나 잘 구상되지 않던 생각을 나게 하다. ‘떠오르다’의 사동사.
또박또박,2,말이나 글씨 따위가 흐리터분하지 않고 조리 있고 또렷한 모양.
뜯다,2,붙거나 닫힌 것을 떼거나 찢거나 하다.
뜻,2,무엇을 하겠다고 속으로 먹는 마음.
로봇,2,인간과 비슷한 형태를 가지고 걷기도 하고 말도 하는 기계 장치.
마르다,2,물기가 다 날아가서 없어지다.
마리,2,"짐승이나 물고기, 벌레 따위를 세는 단위."
마법,2,마력(魔力)으로 불가사의한 일을 행하는 술법.
마을,2,"주로 시골에서, 여러 집이 모여 사는 곳."
마음,2,사람이 본래부터 지닌 성격이나 품성.
막내,2,"여러 형제, 자매 중에서 맨 나중에 난 사람."
매달리다,2,"줄이나 끈, 실 따위에 잡아매여서 달리다. ‘매달다’의 피동사."
먹이,2,동물이 살아가기 위하여 먹어야 할 거리. 또는 사육하는 가축에게 주는 먹을거리.
먼저,2,시간적으로나 순서상으로 앞선 때.
멋쟁이,2,멋있거나 멋을 잘 부리는 사람.
멍청하다,2,자극에 대한 반응이 무디고 어리벙벙하다.
멸치,2,"멸칫과의 바닷물고기. 몸의 길이는 13cm 정도이며, 등은 검푸르고 배는 은빛을 띤 백색이다. 몸은 길고 원통 모양이며 비늘은 둥글둥글하다. 연안 회유성 물고기로 플랑크톤을 주로 먹고 산다. 한국, 일본, 중국 등지에 분포한다."
명절,2,"해마다 일정하게 지키어 즐기거나 기념하는 때. 우리나라에는 설날, 대보름날, 단오, 추석, 동짓날 따위가 있다."
모둠,2,"초ㆍ중등학교에서, 효율적인 학습을 위하여 학생들을 작은 규모로 묶은 모임."
모든,2,빠짐이나 남김이 없이 전부의.
몰래,2,남이 모르게 살짝. 또는 가만히.
무슨,2,"무엇인지 모르는 일이나 대상, 물건 따위를 물을 때 쓰는 말."
무엇,2,모르는 사실이나 사물을 가리키는 지시 대명사.
묶다,2,"끈, 줄 따위를 매듭으로 만들다."
문방구,2,학용품과 사무용품 따위를 통틀어 이르는 말.
묻다,2,"가루, 풀, 물 따위가 그보다 큰 다른 물체에 들러붙거나 흔적이 남게 되다."
물건,2,일정한 형체를 갖춘 모든 물질적 대상.
물어보다,2,무엇을 밝히거나 알아내기 위하여 상대편에게 묻다.
미술,2,"공간 및 시각의 미를 표현하는 예술. 그림ㆍ조각ㆍ건축ㆍ공예ㆍ서예 따위로, 공간 예술ㆍ조형 예술 등으로 불린다."
미움,2,미워하는 일이나 미워하는 마음.
바라다,2,생각이나 바람대로 어떤 일이나 상태가 이루어지거나 그렇게 되었으면 하고 생각하다.
바라보다,2,어떤 대상을 바로 향하여 보다.
바르다,2,풀칠한 종이나 헝겊 따위를 다른 물건의 표면에 고루 붙이다.
바쁘다,2,일이 많거나 또는 서둘러서 해야 할 일로 인하여 딴 겨를이 없다.
반말,2,"대화하는 사람의 관계가 분명치 아니하거나 매우 친밀할 때 쓰는, 높이지도 낮추지도 아니하는 말. ‘이 책 재미있어?’, ‘아주 재미있는걸’에서와 같이 종결 어미 ‘-아(어)’, ‘-지’, ‘-군’, ‘-ㄴ걸’ 따위가 쓰인다."
발표하다,2,"어떤 사실이나 결과, 작품 따위를 세상에 널리 드러내어 알리다."
밝다,2,밤이 지나고 환해지며 새날이 오다.
방바닥,2,방 밑을 이루는 평평한 부분.
방법,2,어떤 일을 해 나가거나 목적을 이루기 위하여 취하는 수단이나 방식.
별명,2,사람의 외모나 성격 따위의 특징을 바탕으로 남들이 지어 부르는 이름.
보내다,2,사람이나 물건 따위를 다른 곳으로 가게 하다.
보이다,2,눈으로 대상의 존재나 형태적 특징을 알게 되다. ‘보다’의 피동사.
복도,2,물체를 위에서 내려다본 모양을 나타내는 도면.
봉투,2,편지나 서류 따위를 넣기 위하여 종이로 만든 주머니.
부끄럽다,2,일을 잘 못하거나 양심에 거리끼어 볼 낯이 없거나 매우 떳떳하지 못하다.
부드럽다,2,닿거나 스치는 느낌이 거칠거나 뻣뻣하지 아니하다.
부럽다,2,남의 좋은 일이나 물건을 보고 자기도 그런 일을 이루거나 그런 물건을 가졌으면 하고 바라는 마음이 있다.
부서지다,2,단단한 물체가 깨어져 여러 조각이 나다.
붉다,2,빛깔이 핏빛 또는 익은 고추의 빛과 같다.
붙이다,2,맞닿아 떨어지지 않게 하다. ‘붙다’의 사동사.
비밀,2,숨기어 남에게 드러내거나 알리지 말아야 할 일.
비슷하다,2,서 있거나 세워진 모습이 바르지 아니하고 한쪽으로 약간 기울어져 있다.
빌려주다,2,물건이나 돈을 나중에 도로 돌려받거나 대가를 받기로 하고 얼마 동안 내어 주다.
빌리다,2,남의 물건이나 돈 따위를 나중에 도로 돌려주거나 대가를 갚기로 하고 얼마 동안 쓰다.
빗방울,2,비가 되어 점점이 떨어지는 물방울.
빛,2,시각 신경을 자극하여 물체를 볼 수 있게 하는 일종의 전자기파. 태양이나 고온의 물질에서 발한다.
사물함,2,"군대, 학교 따위에서 병사나 학생들이 제각기 물품을 넣어 둘 수 있게 만든 곳."
사이,2,"한곳에서 다른 곳까지, 또는 한 물체에서 다른 물체까지의 거리나 공간."
사이좋다,2,서로 정답다. 또는 서로 친하다.
산책,2,휴식을 취하거나 건강을 위해서 천천히 걷는 일.
살금살금,2,남이 알아차리지 못하도록 눈치를 살펴 가면서 살며시 행동하는 모양.
새로,2,지금까지 있은 적이 없이 처음으로.
생각,2,사물을 헤아리고 판단하는 작용.
생각나다,2,어떤 의견이나 느낌이 떠오르다.
서랍,2,"책상, 장롱, 화장대, 문갑 따위에 끼웠다 빼었다 하게 만든 뚜껑이 없는 상자."
서로,2,짝을 이루거나 관계를 맺고 있는 상대.
서점,2,어떤 세력이나 영향 따위가 점점 서쪽으로 옮겨 감.
설명,2,어떤 일이나 대상의 내용을 상대편이 잘 알 수 있도록 밝혀 말함. 또는 그런 말.
설탕,2,"맛이 달고 물에 잘 녹는 결정체. 사탕수수, 사탕무 따위를 원료로 하여 만든다."
소개하다,2,둘 사이에서 양편의 일이 진행되게 주선하다.
소풍,2,휴식을 취하기 위해서 야외에 나갔다 오는 일.
손자,2,아들의 아들. 또는 딸의 아들.
수도꼭지,2,수돗물을 나오게 하거나 막는 장치.
수수께끼,2,어떤 사물에 대하여 바로 말하지 아니하고 빗대어 말하여 알아맞히는 놀이.
수업,2,기술이나 학업의 가르침을 받음. 또는 그런 일.
스마트폰,2,휴대 전화에 여러 컴퓨터 지원 기능을 추가한 지능형 단말기. 사용자가 원하는 응용 프로그램을 설치할 수 있는 것이 특징이다.
시작,2,어떤 일이나 행동의 처음 단계를 이루거나 그렇게 하게 함. 또는 그 단계.
시작되다,2,어떤 일이나 행동의 처음 단계가 이루어지다.
시작하다,2,어떤 일이나 행동의 처음 단계를 이루거나 그렇게 하게 하다.
시장바구니,2,장 보러 갈 때 들고 가는 바구니.
식히다,2,더운 기를 없애다. ‘식다’의 사동사.
신기하다,2,믿을 수 없을 정도로 색다르고 놀랍다.
실내화,2,"실내의 장식품, 인물, 탁상 정물 따위의 정경(情景)을 주제로 하여 그린 그림."
실수,2,조심하지 아니하여 잘못함. 또는 그런 행위.
심다,2,초목의 뿌리나 씨앗 따위를 흙 속에 묻다.
심부름,2,남이 시키는 일을 하여 주는 일.
싶다,2,앞말이 뜻하는 행동을 하고자 하는 마음이나 욕구를 갖고 있음을 나타내는 말.
쓰기,2,"국어 학습에서, 글 쓰는 사람의 생각이나 느낌을 글로 정확하게 표현하는 일."
쓰다듬다,2,손으로 살살 쓸어 어루만지다.
쓸다,2,"범패에서, 간단한 가락에 가사를 촘촘히 넣어서 짧게 부르는 노래."
아끼다,2,"물건이나 돈, 시간 따위를 함부로 쓰지 아니하다."
아름답다,2,"보이는 대상이나 음향, 목소리 따위가 균형과 조화를 이루어 눈과 귀에 즐거움과 만족을 줄 만하다."
아무,2,"어떤 사람을 특별히 정하지 않고 이르는 인칭 대명사. 흔히 부정의 뜻을 가진 서술어와 호응하나, ‘나’, ‘라도’와 같은 조사와 함께 쓰일 때는 긍정의 뜻을 가진 서술어와 호응하기도 한다."
아버지,2,자기를 낳아 준 남자를 이르거나 부르는 말.
아픔,2,육체적으로나 정신적으로 괴로운 느낌.
안,2,어떤 물체나 공간의 둘러싸인 가에서 가운데로 향한 쪽. 또는 그런 곳이나 부분.
안녕히,2,몸이 건강하고 마음이 편안하게. 안부를 전하거나 물을 때에 쓴다.
알리다,2,사물이나 상황에 대한 정보나 지식을 알게 하다. ‘알다’의 사동사.
알맞다,2,"일정한 기준, 조건, 정도 따위에 넘치거나 모자라지 아니한 데가 있다."
알아듣다,2,남의 말을 듣고 그 뜻을 알다.
알아맞히다,2,요구되거나 기대되는 답을 알아서 맞게 하다.
어떤,2,"사람이나 사물의 특성, 내용, 상태, 성격이 무엇인지 물을 때 쓰는 말."
어떻다,2,"의견, 성질, 형편, 상태 따위가 어찌 되어 있다."
어머니,2,자기를 낳아 준 여자를 이르거나 부르는 말.
언제,2,잘 모르는 때를 가리키는 지시 대명사.
여기,2,말하는 이에게 가까운 곳을 가리키는 지시 대명사.
여행하다,2,일이나 유람을 목적으로 다른 고장이나 외국에 가다.
열쇠,2,자물쇠를 잠그거나 여는 데 사용하는 물건.
열심히,2,어떤 일에 온 정성을 다하여 골똘하게.
영화,2,일정한 의미를 갖고 움직이는 대상을 촬영하여 영사기로 영사막에 재현하는 종합 예술.
예절,2,예의에 관한 모든 절차나 질서.
옛이야기,2,예전부터 전해져 내려오는 이야기.
오전,2,"유학에서, 사람이 지켜야 할 다섯 가지 도리. 부자유친, 군신유의, 부부유별, 장유유서, 붕우유신을 이른다."
옮기다,2,어떤 곳에서 다른 곳으로 자리를 바꾸게 하다. ‘옮다’의 사동사.
욕심,2,분수에 넘치게 무엇을 탐내거나 누리고자 하는 마음.
용감하다,2,용기가 있으며 씩씩하고 기운차다.
운동장,2,"체조, 운동 경기, 놀이 따위를 할 수 있도록 여러 가지 기구나 설비를 갖춘 넓은 마당."
움직임,2,멈추어 있던 자세나 자리가 바뀜. 또는 자세나 자리를 바꿈.
위험,2,해로움이나 손실이 생길 우려가 있음. 또는 그런 상태.
위험하다,2,해로움이나 손실이 생길 우려가 있다.
응원,2,"운동 경기 따위에서, 선수들이 힘을 낼 수 있도록 도와주는 일. 노래, 손뼉치기 따위 여러 가지 방식이 있다."
응원하다,2,"운동 경기 따위에서, 선수들이 힘을 낼 수 있도록 도와주다. 노래하기, 손뼉치기 따위의 여러 가지 방식으로 한다."
이번,2,곧 돌아오거나 이제 막 지나간 차례.
이웃,2,나란히 또는 가까이 있어서 경계가 서로 붙어 있음.
일,2,무엇을 이루거나 적절한 대가를 받기 위하여 어떤 장소에서 일정한 시간 동안 몸을 움직이거나 머리를 쓰는 활동. 또는 그 활동의 대상.
읽기,2,"국어 학습에서, 글을 바르게 읽고 이해하는 일. 또는 그런 법."
잃어버리다,2,가졌던 물건이 자신도 모르게 없어져 그것을 아주 갖지 아니하게 되다.
잊다,2,한번 알았던 것을 기억하지 못하거나 기억해 내지 못하다.
자라다,2,생물체가 세포의 증식으로 부분적으로 또는 전체적으로 점점 커지다.
자랑,2,"자기 자신 또는 자기와 관계있는 사람이나 물건, 일 따위가 썩 훌륭하거나 남에게 칭찬을 받을 만한 것임을 드러내어 말함. 또는 그렇게 말할 수 있는 거리."
자랑하다,2,"자기 자신 또는 자기와 관계있는 사람이나 물건, 일 따위가 썩 훌륭하거나 남에게 칭찬을 받을 만한 것임을 드러내어 말하다."
자신,2,그 사람의 몸 또는 바로 그 사람을 이르는 말.
자음,2,"목, 입, 혀 따위의 발음 기관에 의해 구강 통로가 좁아지거나 완전히 막히는 따위의 장애를 받으며 나는 소리. 자음은 조음 위치와 조음 방법에 따라서 분류할 수 있는데, 국어의 경우에 조음 위치에 따른 자음의 부류는 양순음(ㅂ, ㅃ, ㅍ, ㅁ), 치조음(ㄷ, ㄸ, ㅌ, ㅅ, ㅆ, ㄴ, ㄹ), 경구개음(ㅈ, ㅉ, ㅊ), 연구개음(ㄱ, ㄲ, ㅋ, ㅇ), 성문음(ㅎ)이 있으며, 조음 방법에 따른 부류는 파열음(ㅂ, ㅃ, ㅍ, ㄷ, ㄸ, ㅌ, ㄱ, ㄲ, ㅋ), 파찰음(ㅈ, ㅉ, ㅊ), 마찰음(ㅅ, ㅆ, ㅎ), 유음(ㄹ), 비음(ㄴ, ㅁ, ㅇ)이 있다."
잘못,2,잘하지 못하여 그릇되게 한 일. 또는 옳지 못하게 한 일.
재채기,2,코안의 신경이 자극을 받아 갑자기 코로 숨을 내뿜는 일. 숨을 짧은 시간 동안 몇 차례 나누어 들이마신 뒤 이를 큰 소리와 함께 한꺼번에 내쉼으로써 코안의 이물질이 속으로 들어가지 못하게 막는다.
정말,2,거짓이 없이 말 그대로임. 또는 그런 말.
정하다,2,겉으로 보기에 비뚤어지거나 굽은 데가 없다.
조용하다,2,아무런 소리도 들리지 않고 고요하다.
좁다,2,면이나 바닥 따위의 면적이 작다.
주고받다,2,서로 주기도 하고 받기도 하다.
주룩주룩,2,굵은 물줄기나 빗물 따위가 빠르게 자꾸 흐르거나 내리는 소리. 또는 그 모양.
주인,2,대상이나 물건 따위를 소유한 사람.
주인공,2,"연극, 영화, 소설 따위에서 사건의 중심이 되는 인물."
준비물,2,미리 마련하여 갖추어 놓는 물건.
줄넘기,2,두 사람이 기다란 줄의 양쪽 끝을 한쪽씩 잡고 커다란 원을 그리면서 돌리고 나머지 사람들은 그 속으로 차례대로 들어가서 뛰어넘는 놀이.
줄다,2,"물체의 길이나 넓이, 부피 따위가 본디보다 작아지다."
줄이다,2,"물체의 길이나 넓이, 부피 따위를 본디보다 작게 하다. ‘줄다’의 사동사."
즐겁다,2,마음에 거슬림이 없이 흐뭇하고 기쁘다.
지나가다,2,시간이 흘러가서 그 시기에서 벗어나다.
지붕,2,집의 맨 꼭대기 부분을 덮어 씌우는 덮개.
지키다,2,"재산, 이익, 안전 따위를 잃거나 침해당하지 아니하도록 보호하거나 감시하여 막다."
진짜,2,본뜨거나 거짓으로 만들어 낸 것이 아닌 참된 것.
질문,2,알고자 하는 바를 얻기 위해 물음.
집다,2,손가락이나 발가락으로 물건을 잡아서 들다.
짜증,2,마음에 꼭 맞지 아니하여 발칵 역정을 내는 짓. 또는 그런 성미.
쫓아가다,2,어떤 대상을 만나기 위하여 급히 가다.
찡그리다,2,얼굴의 근육이나 눈살을 몹시 찌그리다.
참다,2,"웃음, 울음, 아픔 따위를 억누르고 견디다."
창피하다,2,체면이 깎이는 일이나 아니꼬운 일을 당하여 부끄럽다.
찾아보다,2,어떤 사람이 있는 곳으로 가서 그 사람을 만나다.
채소,2,"밭에서 기르는 농작물. 주로 그 잎이나 줄기, 열매 따위를 식용한다. 보리나 밀 따위의 곡류는 제외한다."
책꽂이,2,책을 세워서 꽂아 두는 물건이나 장치.
처음,2,시간적으로나 순서상으로 맨 앞.
축구,2,사람답지 못한 짓을 하는 사람을 낮잡아 이르는 말.
축구공,2,"축구 경기에 쓰는 공. 둘레는 68~71cm이고, 무게는 390~453g, 공의 내부 공기 압력은 0.6~1.1기압으로, 주로 재질은 가죽이다."
치료하다,2,병이나 상처 따위를 잘 다스려 낫게 하다.
친절하다,2,대하는 태도가 매우 정겹고 고분고분하다.
친척,2,친족과 외척을 아울러 이르는 말.
커다랗다,2,매우 크다. 또는 아주 큼직하다.
컴퓨터,2,"전자 회로를 이용한 고속의 자동 계산기. 숫자 계산, 자동 제어, 데이터 처리, 사무 관리, 언어나 영상 정보 처리 따위에 광범위하게 이용된다."
콩닥콩닥,2,작은 절구나 방아를 잇따라 찧을 때 나는 소리. 또는 그 모양.
쿵쾅쿵쾅,2,폭발물이나 북소리 따위가 크고 작게 엇바뀌어 잇따라 요란하게 울릴 때 나는 소리. ‘꿍꽝꿍꽝’보다 거센 느낌을 준다.
큰아버지,2,둘 이상의 아버지의 형 가운데 맏이가 되는 형을 이르거나 부르는 말.
튼튼하다,2,무르거나 느슨하지 아니하고 몹시 야무지고 굳세다.
틀리다,2,셈이나 사실 따위가 그르게 되거나 어긋나다.
팔다,2,값을 받고 물건이나 권리 따위를 남에게 넘기거나 노력 따위를 제공하다.
편하다,2,몸이나 마음이 거북하거나 괴롭지 아니하여 좋다.
표현,2,생각이나 느낌 따위를 언어나 몸짓 따위의 형상으로 드러내어 나타냄.
푸르다,2,"맑은 가을 하늘이나 깊은 바다, 풀의 빛깔과 같이 밝고 선명하다."
풀다,2,묶이거나 감기거나 얽히거나 합쳐진 것 따위를 그렇지 아니한 상태로 되게 하다.
풍덩,2,크고 무거운 물건이 깊은 물에 떨어지거나 빠질 때 무겁게 한 번 나는 소리.
학교생활,2,학생으로서 학교에 학적을 두고 지내는 생활.
학년,2,일 년간의 학습 과정의 단위.
함께,2,한꺼번에 같이. 또는 서로 더불어.
함께하다,2,경험이나 생활 따위를 얼마 동안 더불어 하다.
햇살,2,해에서 나오는 빛의 줄기. 또는 그 기운.
행동,2,몸을 움직여 동작을 하거나 어떤 일을 함.
행복하다,2,생활에서 충분한 만족과 기쁨을 느끼어 흐뭇하다.
향기,2,"꽃, 향, 향수 따위에서 나는 좋은 냄새."
헤엄치다,2,사람이나 물고기 따위가 물속에서 나아가기 위하여 팔다리를 젓거나 지느러미를 움직이다.
헬리콥터,2,"회전 날개를 기관으로 돌려서 생기는 양력(揚力)과 추진력으로 나는 항공기. 수직 이착륙과 공중 정지가 가능하며, 회전 날개가 각도를 조정하여 전진ㆍ후진ㆍ횡진할 수 있다."
현관,2,건물의 출입문이나 건물에 붙이어 따로 달아낸 문간.
혼자,2,다른 사람과 어울리거나 함께 있지 아니하고 그 사람 한 명만 있는 상태.
화해하다,2,싸움하던 것을 멈추고 서로 가지고 있던 안 좋은 감정을 풀어 없애다.
활용,2,도구나 물건 따위를 충분히 잘 이용함.
활짝,2,문 따위가 한껏 시원스럽게 열린 모양.
훨훨,2,날짐승 따위가 높이 떠서 느릿느릿 날개를 치며 매우 시원스럽게 나는 모양.
휴대 전화,2,손에 들거나 몸에 지니고 다니면서 걸고 받을 수 있는 소형 무선 전화기.
흉내,2,남이 하는 말이나 행동을 그대로 옮기는 짓.
힘,2,사람이나 동물이 몸에 갖추고 있으면서 스스로 움직이거나 다른 물건을 움직이게 하는 근육 작용.
가난하다,3,살림살이가 넉넉하지 못하여 몸과 마음이 괴로운 상태에 있다.
가죽,3,동물의 몸을 감싸고 있는 질긴 껍질.
갇히다,3,사람이나 동물이 벽으로 둘러싸이거나 울타리가 있는 일정한 장소에 넣어져 밖으로 나오지 못하게 되다. ‘가두다’의 피동사.
감옥,3,옷이나 피륙 따위에 반물을 들여 주는 집.
갑자기,3,미처 생각할 겨를도 없이 급히.
강가,3,강의 가장자리에 잇닿아 있는 땅. 또는 그 부근.
개구리,3,양서강 개구리목의 동물을 통틀어 이르는 말.
거리,3,사람이나 차가 많이 다니는 길.
거칠다,3,나무나 살결 따위가 결이 곱지 않고 험하다.
걸,3,"윷놀이에서, 윷짝의 세 개는 젖혀지고 한 개는 엎어진 경우를 이르는 말. 끗수는 세 끗으로 친다."
겁먹다,3,무섭거나 두려워하는 마음을 가지다.
게,3,"십각목의 갑각류를 통틀어 이르는 말. 두흉부는 윗면이 한 장의 등딱지로 덮여 있고 일곱 마디의 복부가 붙어 있다. 다섯 쌍의 발 중에 첫째 발은 집게발로 먹이를 잡는 데 쓰며 다른 네 쌍의 발은 헤엄치거나 걷는 데 쓴다. 바다와 민물에서 살며 독자적인 생활을 하는 경우가 대부분이나 조개, 해삼 따위에 기생하는 것도 있다. 전 세계에 4,500여 종이 분포하며 우리나라에는 150여 종이 있는 것으로 알려져 있다."
게시판,3,여러 사람에게 알릴 내용을 내붙이거나 내걸어 두루 보게 붙이는 판(板).
결국,3,일이 마무리되는 마당이나 일의 결과가 그렇게 돌아감을 이르는 말.
경험,3,자신이 실제로 해 보거나 겪어 봄. 또는 거기서 얻은 지식이나 기능.
계획,3,"앞으로 할 일의 절차, 방법, 규모 따위를 미리 헤아려 작정함. 또는 그 내용."
고민,3,마음속으로 괴로워하고 애를 태움.
고민하다,3,마음속으로 괴로워하고 애를 태우다.
골대,3,"축구, 핸드볼, 럭비 따위의 구기 경기에 쓰는 골문의 양쪽 기둥."
과학,3,"보편적인 진리나 법칙의 발견을 목적으로 한 체계적인 지식. 넓은 뜻으로는 학(學)을 이르고, 좁은 뜻으로는 자연 과학을 이른다."
과학자,3,과학을 전문으로 연구하는 사람. 주로 자연 과학을 연구하는 사람을 이른다.
관심,3,어떤 것에 마음이 끌려 주의를 기울임. 또는 그런 마음이나 주의.
관찰하다,3,사물이나 현상을 주의하여 자세히 살펴보다.
구하다,3,필요한 것을 찾다. 또는 그렇게 하여 얻다.
궁금증,3,무엇이 알고 싶어 몹시 답답하고 안타까운 마음.
규칙적,3,일정한 질서가 있거나 규칙을 따르는 것.
그때,3,앞에서 이미 이야기한 시간상의 어떤 점이나 부분.
그래서,3,"앞의 내용이 뒤의 내용의 원인이나 근거, 조건 따위가 될 때 쓰는 접속 부사."
그러니까,3,앞의 내용이 뒤의 내용의 이유나 근거 따위가 될 때 쓰는 접속 부사.
그리워하다,3,사랑하여 몹시 보고 싶어 하다.
그립다,3,보고 싶거나 만나고 싶은 마음이 간절하다.
급하다,3,사정이나 형편이 조금도 지체할 겨를이 없이 빨리 처리하여야 할 상태에 있다.
긴장하다,3,마음을 조이고 정신을 바짝 차리다.
김장,3,겨우내 먹기 위하여 김치를 한꺼번에 많이 담그는 일. 또는 그렇게 담근 김치.
까닭,3,일이 생기게 된 원인이나 조건.
깔끔하다,3,생김새 따위가 매끈하고 깨끗하다.
꼼꼼히,3,빈틈이 없이 차분하고 조심스러운 모양.
꾸준히,3,한결같이 부지런하고 끈기가 있는 태도로.
나들이,3,집을 떠나 가까운 곳에 잠시 다녀오는 일.
나타나다,3,보이지 아니하던 어떤 대상의 모습이 드러나다.
낚시,3,미끼를 꿰어 물고기를 잡는 데 쓰는 작은 쇠갈고리. 흔히 끝이 뾰족하고 꼬부라져 있다. 줄낚시와 대낚시가 있다.
노려보다,3,미운 감정으로 어떠한 대상을 매섭게 계속 바라보다.
노력하다,3,목적을 이루기 위하여 몸과 마음을 다하여 애를 쓰다.
눈짓,3,눈을 움직여서 상대편에게 어떤 뜻을 전달하거나 암시하는 동작.
늘다,3,"물체의 길이나 넓이, 부피 따위가 본디보다 커지다."
늘어나다,3,부피나 분량 따위가 본디보다 커지거나 길어지거나 많아지다.
다른,3,당장 문제 되거나 해당되는 것 이외의.
다짐,3,이미 한 일이나 앞으로 할 일에 틀림이 없음을 단단히 강조하거나 확인함.
다투다,3,의견이나 이해의 대립으로 서로 따지며 싸우다.
다행,3,뜻밖에 일이 잘되어 운이 좋음.
달래다,3,슬퍼하거나 고통스러워하거나 흥분한 사람을 어르거나 타일러 기분을 가라앉히다.
담,3,"집이나 일정한 공간을 둘러막기 위하여 흙, 돌, 벽돌 따위로 쌓아 올린 것."
당당하다,3,남 앞에 내세울 만큼 모습이나 태도가 떳떳하다.
당연하다,3,일의 앞뒤 사정을 놓고 볼 때 마땅히 그러하다.
동굴,3,자연적으로 생긴 깊고 넓은 큰 굴.
두렵다,3,어떤 대상을 무서워하여 마음이 불안하다.
둘러보다,3,주위를 이리저리 두루 살펴보다.
드라마,3,등장인물들의 행동이나 대화를 기본 수단으로 하여 표현하는 예술 작품.
들르다,3,지나는 길에 잠깐 들어가 머무르다.
듬뿍,3,넘칠 정도로 매우 가득하거나 수북한 모양.
떨리다,3,몹시 추워지거나 두려워지다. ‘떨다’의 피동사.
뛰어나다,3,남보다 월등히 훌륭하거나 앞서 있다.
말싸움,3,말로 옳고 그름을 가리는 다툼.
맑다,3,잡스럽고 탁한 것이 섞이지 아니하다.
맞다,3,문제에 대한 답이 틀리지 아니하다.
맞추다,3,서로 떨어져 있는 부분을 제자리에 맞게 대어 붙이다.
맨손,3,아무것도 끼거나 감지 아니한 손.
멋,3,"차림새, 행동, 됨됨이 따위가 세련되고 아름다움."
목숨,3,사람이나 동물이 숨을 쉬며 살아 있는 힘.
못,3,"목재 따위의 접합이나 고정에 쓰는 물건. 쇠, 대, 나무 따위로 가늘고 끝이 뾰족하게 만든다."
몽둥이,3,조금 굵고 기름한 막대기. 주로 사람이나 가축을 때리는 데에 쓴다.
무시하다,3,사물의 존재 의의나 가치를 알아주지 아니하다.
묻히다,3,"가루, 풀, 물 따위를 그보다 큰 다른 물체에 들러붙게 하거나 흔적을 남기다. ‘묻다’의 사동사."
물결,3,물이 움직여 그 표면이 올라갔다 내려왔다 하는 운동. 또는 그 모양.
물리치다,3,적(敵)이나 잡귀 따위를 쳐서 물러가게 하다.
미루다,3,정한 시간이나 기일을 나중으로 넘기거나 늘이다.
미지근하다,3,더운 기운이 조금 있는 듯하다.
밑줄,3,문장 부호의 하나. ‘＿’의 이름이다. 문장 내용 중에서 주의가 미쳐야 할 곳이나 중요한 부분을 특별히 드러내 보일 때 쓴다.
박물관,3,"고고학적 자료, 역사적 유물, 예술품, 그 밖의 학술 자료를 수집ㆍ보존ㆍ진열하고 일반에게 전시하여 학술 연구와 사회 교육에 기여할 목적으로 만든 시설. 수집품의 내용에 따라 민속ㆍ미술ㆍ과학ㆍ역사 박물관 따위로 나누며, 그 시설의 위치와 직능에 따라 중앙 박물관 및 지방 박물관으로 나눈다."
반대편,3,반대되는 방향이나 반대되는 쪽에 있는 곳.
반듯하다,3,"작은 물체, 또는 생각이나 행동 따위가 비뚤어지거나 기울거나 굽지 아니하고 바르다."
발표,3,"어떤 사실이나 결과, 작품 따위를 세상에 널리 드러내어 알림."
밝히다,3,불빛 따위로 어두운 곳을 환하게 하다. ‘밝다’의 사동사.
방송,3,라디오나 텔레비전 따위를 통하여 널리 듣고 볼 수 있도록 음성이나 영상을 전파로 내보내는 일. 특정 지역을 대상으로 유선(有線)으로 행하는 것을 포함하기도 한다.
베짱이,3,"여칫과의 하나. 몸의 길이는 3~3.6cm이며 옅은 녹색이나 드물게 갈색도 있다. 머리는 삼각형이고 빛깔은 누런 갈색이며, 앞가슴의 등 쪽에는 갈색의 굵은 줄무늬가 있다. 산란관은 길고 칼 모양이며 더듬이는 갈색이고 몸보다 길다. 인가 근처의 풀숲 속에 사는데 한국, 일본, 중국, 대만 등지에 분포한다."
변하다,3,무엇이 다른 것이 되거나 혹은 다른 성질로 달라지다.
보름달,3,음력 보름날 밤에 뜨는 둥근달.
보통,3,특별하지 아니하고 흔히 볼 수 있음. 또는 뛰어나지도 열등하지도 아니한 중간 정도.
보호,3,위험이나 곤란 따위가 미치지 아니하도록 잘 보살펴 돌봄.
부분,3,전체를 이루는 작은 범위. 또는 전체를 몇 개로 나눈 것의 하나.
부족하다,3,필요한 양이나 기준에 미치지 못해 충분하지 아니하다.
부탁하다,3,어떤 일을 해 달라고 청하거나 맡기다.
불편하다,3,어떤 것을 사용하거나 이용하는 것이 거북하거나 괴롭다.
비늘,3,물고기나 뱀 따위의 표피를 덮고 있는 얇고 단단하게 생긴 작은 조각.
비행사,3,일정한 자격을 지니고 면허를 받아서 항공기의 조종에 종사하는 사람.
빛깔,3,물체가 빛을 받을 때 빛의 파장에 따라 그 거죽에 나타나는 특유한 빛.
뻗다,3,"가지나 덩굴, 뿌리 따위가 길게 자라나다. 또는 그렇게 하다. ‘벋다’보다 센 느낌을 준다."
사라지다,3,현상이나 물체의 자취 따위가 없어지다.
사용하다,3,공공의 물건을 사사로이 쓰다.
산책하다,3,휴식을 취하거나 건강을 위해서 천천히 걷다.
생명,3,사람이 살아서 숨 쉬고 활동할 수 있게 하는 힘.
생활,3,사람이나 동물이 일정한 환경에서 활동하며 살아감.
서다,3,사람이나 동물이 발을 땅에 대고 다리를 쭉 뻗으며 몸을 곧게 하다.
선택,3,여럿 가운데서 필요한 것을 골라 뽑음.
설명하다,3,어떤 일이나 대상의 내용을 상대편이 잘 알 수 있도록 밝혀 말하다.
세상,3,사람이 살고 있는 모든 사회를 통틀어 이르는 말.
세우다,3,몸이나 몸의 일부를 곧게 펴게 하거나 일어서게 하다. ‘서다’의 사동사.
속,3,거죽이나 껍질로 싸인 물체의 안쪽 부분.
속마음,3,겉으로 드러나지 아니한 실제의 마음.
속삭이다,3,남이 알아듣지 못하도록 나지막한 목소리로 가만가만 이야기하다.
속이다,3,거짓이나 꾀에 넘어가게 하다. ‘속다’의 사동사.
손수레,3,사람이 직접 손으로 끄는 수레.
솔직하다,3,거짓이나 숨김이 없이 바르고 곧다.
술,3,"알코올 성분이 들어 있어 마시면 취하는 음료. 적당히 마시면 물질대사를 높이는 효과가 있다. 맥주, 청주, 막걸리 따위의 발효주와 소주, 고량주, 위스키 따위의 증류주가 있으며, 과실이나 약제를 알코올과 혼합하여 만드는 혼성주도 있다."
습관,3,어떤 행위를 오랫동안 되풀이하는 과정에서 저절로 익혀진 행동 방식.
신호,3,"일정한 부호, 표지, 소리, 몸짓 따위로 특정한 내용 또는 정보를 전달하거나 지시를 함. 또는 그렇게 하는 데 쓰는 부호."
실망하다,3,가지고 있거나 지키고 있던 것을 잃어버리다.
심판,3,어떤 문제와 관련된 일이나 사람에 대하여 잘잘못을 가려 결정을 내리는 일.
쑥스럽다,3,하는 짓이나 모양이 자연스럽지 못하여 민망하고 어색한 데가 있다.
쓰이다,3,"붓, 펜, 연필과 같이 선을 그을 수 있는 도구로 종이 따위에 획이 그어져 일정한 글자의 모양이 이루어지다. ‘쓰다’의 피동사."
아깝다,3,소중히 여기는 것을 잃어 섭섭하거나 서운한 느낌이 있다.
아쉽다,3,필요할 때 없거나 모자라서 안타깝고 만족스럽지 못하다.
안내하다,3,어떤 내용을 소개하여 알려 주다.
알림,3,알게 하는 일. 또는 그 내용.
애벌레,3,알에서 나온 후 아직 다 자라지 아니한 벌레.
얄밉다,3,말이나 행동이 약빠르고 밉다.
어느,3,둘 이상의 것 가운데 대상이 되는 것이 무엇인지 물을 때 쓰는 말.
어마어마하다,3,매우 놀랍게 엄청나고 굉장하다.
어울리다,3,여럿이 모여 한 덩어리나 한판이 되다. ‘어우르다’의 피동사.
억울하다,3,아무 잘못 없이 꾸중을 듣거나 벌을 받거나 하여 분하고 답답하다.
억지로,3,이치나 조건에 맞지 아니하게 강제로.
언덕,3,땅이 비탈지고 조금 높은 곳.
언제나,3,모든 시간 범위에 걸쳐서. 또는 때에 따라 달라짐이 없이 항상.
엉키다,3,실이나 줄 따위가 풀기 힘들 정도로 서로 한데 얽히게 되다.
엎지르다,3,그릇에 담기어 있는 액체 따위를 뒤집어엎어 쏟아지게 하거나 흔들어 넘쳐 나가게 하다.
역할,3,자기가 마땅히 하여야 할 맡은 바 직책이나 임무.
역할극,3,참여자가 주어진 상황에서 특정 역할을 담당하여 연기하는 극.
연결하다,3,사물과 사물을 서로 잇거나 현상과 현상이 관계를 맺게 하다.
연주하다,3,같은 종류의 악기를 두 사람 이상이 동시에 연주하다.
온라인,3,"컴퓨터의 단말기가 중앙 처리 장치와 통신 회선으로 연결되어 정보를 전송하고, 중앙 처리 장치의 직접적인 제어를 받는 상태. 은행의 예금, 좌석 예약, 기상 정보 따위에 이용한다."
외계인,3,공상 과학 소설 따위에서 지구 이외의 천체에 존재한다고 생각되는 지적인 생명체.
요리조리,3,말이나 행동을 뚜렷하게 정함이 없이 요러하고 조러하게 되는대로 하는 모양.
용서,3,지은 죄나 잘못한 일에 대하여 꾸짖거나 벌하지 아니하고 덮어 줌.
우뚝,3,두드러지게 높이 솟아 있는 모양.
울타리,3,풀이나 나무 따위를 얽거나 엮어서 담 대신에 경계를 지어 막는 물건.
원래,3,사물이 전하여 내려온 그 처음.
원하다,3,못마땅하게 여기어 탓하거나 불평을 품고 미워하다.
음악,3,"박자, 가락, 음성 따위를 갖가지 형식으로 조화하고 결합하여, 목소리나 악기를 통하여 사상 또는 감정을 나타내는 예술."
이삿짐,3,이사할 때 이사 갈 집으로 옮기는 짐.
이어지다,3,끊어졌거나 본래 따로 있던 것이 서로 잇대어지다.
이용하다,3,대상을 필요에 따라 이롭게 쓰다.
인터넷,3,"전 세계의 컴퓨터가 서로 연결되어 정보를 교환할 수 있는, 하나의 거대한 컴퓨터 통신망."
잃다,3,가졌던 물건이 자신도 모르게 없어져 그것을 갖지 아니하게 되다.
입맛,3,음식을 먹을 때 입에서 느끼는 맛에 대한 감각.
자랑스럽다,3,남에게 드러내어 뽐낼 만한 데가 있다.
자물쇠,3,여닫게 되어 있는 물건을 잠그는 장치.
자세하다,3,사소한 부분까지 아주 구체적이고 분명하다.
자세히,3,사소한 부분까지 아주 구체적이고 분명히.
자연,3,사람의 힘이 더해지지 아니하고 세상에 스스로 존재하거나 우주에 저절로 이루어지는 모든 존재나 상태.
잘되다,3,"일, 현상, 물건 따위가 썩 좋게 이루어지다."
잘못되다,3,어떤 일이 그릇되거나 실패로 돌아가다.
잠꼬대,3,잠을 자면서 자기도 모르게 중얼거리는 헛소리.
장바구니,3,장 보러 갈 때 들고 가는 바구니.
장사,3,이익을 얻으려고 물건을 사서 팖. 또는 그런 일.
전체,3,개개 또는 부분의 집합으로 구성된 것을 몰아서 하나의 대상으로 삼는 경우에 바로 그 대상.
전하,3,"조선 시대에, 왕을 높여 이르거나 부르던 말."
전학,3,다니던 학교에서 다른 학교로 학적을 옮겨 가서 배움.
점점,3,조금씩 더하거나 덜하여지는 모양.
정류장,3,버스나 택시 따위가 사람을 태우거나 내려 주기 위하여 머무르는 일정한 장소.
죽음,3,죽는 일. 생물의 생명이 없어지는 현상을 이른다.
줄,3,"노, 새끼 따위와 같이 무엇을 묶거나 동이는 데에 쓸 수 있는 가늘고 긴 물건을 통틀어 이르는 말."
지내다,3,사람이 어떤 장소에서 생활을 하면서 시간이 지나가는 상태가 되게 하다.
지저분하다,3,정돈이 되어 있지 아니하고 어수선하다.
직업,3,생계를 유지하기 위하여 자신의 적성과 능력에 따라 일정한 기간 동안 계속하여 종사하는 일.
직접,3,중간에 제삼자나 매개물이 없이 바로 연결되는 관계.
질기다,3,물건이 쉽게 해지거나 끊어지지 아니하고 견디는 힘이 세다.
짐작,3,사정이나 형편 따위를 어림잡아 헤아림.
집안일,3,"살림을 꾸려 나가면서 하여야 하는 여러 가지 일. 빨래, 밥하기, 청소 따위를 이른다."
집중하다,3,지나치거나 모자람이 없이 또는 한쪽으로 치우침이 없이 마땅하고 떳떳한 도리를 취하다.
짓다,3,"재료를 들여 밥, 옷, 집 따위를 만들다."
찡긋,3,눈이나 코를 약간 찡그리는 모양.
차다,3,"일정한 공간에 사람, 사물, 냄새 따위가 더 들어갈 수 없이 가득하게 되다."
창가,3,창문의 가장자리. 또는 창문과 가까운 곳.
창고,3,물건이나 자재를 저장하거나 보관하는 건물.
찾아오다,3,볼일을 보거나 특정한 사람을 만나기 위하여 그와 관련된 곳에 오다.
청진기,3,"환자의 몸 안에서 나는 소리를 듣는 데 쓰는 의료 기구. 집음부(集音部)의 소리를 고무관으로 유도하여 양쪽 귀로 듣는 것을 많이 쓰며, 1816년에 프랑스의 라에네크(La?nnec, R.)가 발명하였다."
체육,3,일정한 운동 따위를 통하여 신체를 튼튼하게 단련시키는 일. 또는 그런 목적으로 하는 운동.
체육관,3,실내에서 여러 가지 운동 경기를 할 수 있도록 시설을 갖추어 놓은 건물.
축제,3,축하하여 벌이는 큰 규모의 행사.
출근,3,일터로 근무하러 나가거나 나옴.
태양,3,"태양계의 중심이 되는 항성. 지구에서 가장 가까운 거리에 있으며, 자전 주기는 약 25일이며 막대한 에너지를 방출하는 중심핵, 그 바깥쪽에 있는 복사층과 대류층, 그리고 빛을 직접 바깥으로 방출하는 광구ㆍ채층ㆍ코로나를 포함하는 대기층으로 이루어져 있다."
테두리,3,죽 둘러서 친 줄이나 금 또는 장식.
표지판,3,어떠한 사실을 알리기 위하여 일정한 표시를 해 놓은 판.
피하다,3,원치 않은 일을 당하거나 어려운 처지에 놓이지 않도록 하다.
피해,3,"생명이나 신체, 재산, 명예 따위에 손해를 입음. 또는 그 손해."
하룻밤,3,해가 지고 나서 다음 날 해가 뜰 때까지의 동안.
하인,3,남의 집에 매여 일을 하는 사람.
학급,3,"한 교실에서 공부하는 학생의 단위 집단. 같은 학년의 학생으로 편성되는 단식 학급이 보통이지만, 소규모 학교나 특별한 사정이 있는 경우는 두 학년 이상에 걸치는 복식 학급을 편성하는 수도 있다."
한숨,3,숨을 한 번 쉴 동안. 또는 잠깐 동안.
함,3,옷이나 물건 따위를 넣을 수 있도록 네모지게 만든 통.
함부로,3,조심하거나 깊이 생각하지 아니하고 마음 내키는 대로 마구.
해결하다,3,제기된 문제를 해명하거나 얽힌 일을 잘 처리하다.
허락하다,3,청하는 일을 하도록 들어주다.
협동,3,서로 마음과 힘을 하나로 합함.
혼잣말,3,말을 하는 상대가 없이 혼자서 하는 말.
확인하다,3,틀림없이 그러한가를 알아보거나 인정하다.
훌륭하다,3,썩 좋아서 나무랄 곳이 없다.
흩어지다,3,한데 모였던 것이 따로따로 떨어지거나 사방으로 퍼지다.
희망,3,어떤 일을 이루거나 하기를 바람.
가로수,4,거리의 미관(美觀)과 국민 보건 따위를 위하여 길을 따라 줄지어 심은 나무.
가엾다,4,마음이 아플 만큼 안되고 처연하다.
간,4,"음식물에 짠맛을 내는 물질. 소금, 간장, 된장 따위를 통틀어 이른다."
간직하다,4,물건 따위를 어떤 장소에 잘 간수하여 두다.
감,4,감나무의 열매. 모양은 둥글거나 둥글넓적하고 빛이 붉다. 익기 전에는 떫은맛이 나지만 익으면 단맛이 나며 그대로 먹기도 하고 껍질을 벗겨 곶감을 만들기도 한다.
감상문,4,어떤 사물이나 현상을 보고 느낀 바를 쓴 글.
감상하다,4,하찮은 일에도 쓸쓸하고 슬퍼져서 마음이 상하다.
갯벌,4,"밀물 때는 물에 잠기고 썰물 때는 물 밖으로 드러나는 모래 점토질의 평탄한 땅. 펄 갯벌, 혼성 갯벌, 모래 갯벌 따위가 있으며 생물상이 다양하게 분포한다."
갸우뚱하다,4,물체가 한쪽으로 약간 갸울어지다. 또는 그렇게 하다.
거의,4,어느 한도에 매우 가까운 정도.
거절하다,4,"상대편의 요구, 제안, 선물, 부탁 따위를 받아들이지 않고 물리치다."
검색,4,범죄나 사건을 밝히기 위한 단서나 증거를 찾기 위하여 살펴 조사함.
결심하다,4,할 일에 대하여 어떻게 하기로 마음을 굳게 정하다.
결정,4,행동이나 태도를 분명하게 정함. 또는 그렇게 정해진 내용.
겸손하다,4,남을 존중하고 자기를 내세우지 않는 태도가 있다.
곰곰이,4,여러모로 깊이 생각하는 모양.
공손하다,4,말이나 행동이 겸손하고 예의 바르다.
공통점,4,둘 또는 그 이상의 여럿 사이에 두루 통하는 점.
관광지,4,"경치가 뛰어나거나 사적(史跡), 온천 따위가 있어 관광할 만한 곳."
구별하다,4,성질이나 종류에 따라 갈라놓다.
국어사전,4,"국어를 모아 일정한 순서로 배열하여 의미, 주석, 어원, 품사, 다른 말과의 관계 따위를 밝히고 풀이한 책."
균형,4,어느 한쪽으로 기울거나 치우치지 아니하고 고른 상태.
긁적이다,4,손톱이나 뾰족한 기구 따위로 바닥이나 거죽을 문지르다.
금지하다,4,법이나 규칙이나 명령 따위로 어떤 행위를 하지 못하도록 하다.
기념하다,4,어떤 뜻깊은 일이나 훌륭한 인물 등을 오래도록 잊지 아니하고 마음에 간직하다.
기대감,4,어떤 일이 이루어지기를 바라고 기다리는 심정.
기록,4,벼슬아치가 공무상 죄를 범한 때에 속전을 내게 하고 그 죄과를 적은 자료. 뒷날 상벌의 참고로 삼았다.
기록하다,4,주로 후일에 남길 목적으로 어떤 사실을 적다.
기르다,4,동식물을 보살펴 자라게 하다.
기온,4,대기(大氣)의 온도. 보통 지면으로부터 1.5미터 높이의 백엽상 속에 놓인 온도계로 잰 온도를 이른다.
긴장되다,4,마음을 조이고 정신을 바짝 차리게 되다.
길목,4,큰길에서 좁은 길로 들어가는 어귀.
깨닫다,4,사물의 본질이나 이치 따위를 생각하거나 궁리하여 알게 되다.
꼿꼿이,4,휘거나 구부러지지 아니하고 단단하게.
꾸지람,4,아랫사람의 잘못을 꾸짖는 말.
꿰다,4,실이나 끈 따위를 구멍이나 틈의 한쪽에 넣어 다른 쪽으로 내다.
나가다,4,일정한 지역이나 공간의 범위와 관련하여 그 안에서 밖으로 이동하다.
나그네,4,자기 고장을 떠나 다른 곳에 잠시 머물거나 떠도는 사람.
나리,4,지체가 높거나 권세가 있는 사람을 높여 부르는 말.
넉넉하다,4,크기나 수량 따위가 기준에 차고도 남음이 있다.
높이다,4,아래에서 위까지의 길이를 길게 하다. ‘높다’의 사동사.
다락방,4,주로 부엌 위에 이 층처럼 만들어서 물건을 넣어 두는 곳. 보통 출입구는 방 쪽에 있다.
다양하다,4,"모양, 빛깔, 형태, 양식 따위가 여러 가지로 많다."
당황하다,4,놀라거나 다급하여 어찌할 바를 모르다.
대부분,4,절반이 훨씬 넘어 전체량에 거의 가까운 정도의 수효나 분량.
대사,4,부처나 보살을 일상적으로 이르는 말. 흔히 대보살을 이르는 말로도 쓴다.
대표,4,전체의 상태나 성질을 어느 하나로 잘 나타냄. 또는 그런 것.
댓글,4,인터넷에 오른 원문에 대하여 짤막하게 답하여 올리는 글.
더듬거리다,4,무엇을 찾거나 알아보려고 이리저리 자꾸 만지다.
도덕,4,"사회의 구성원들이 양심, 사회적 여론, 관습 따위에 비추어 스스로 마땅히 지켜야 할 행동 준칙이나 규범의 총체. 외적 강제력을 갖는 법률과 달리 각자의 내면적 원리로서 작용하며, 또 종교와 달리 초월자와의 관계가 아닌 인간 상호 관계를 규정한다."
뒤처지다,4,어떤 수준이나 대열에 들지 못하고 뒤로 처지거나 남게 되다.
드나들다,4,어떤 곳에 많은 것들이 들어가고 나오고 하다.
들어오다,4,일정한 지역이나 공간의 범위와 관련하여 그 밖에서 안으로 이동하다.
등장인물,4,"연극, 영화, 소설 따위에 나오는 인물."
따분하다,4,재미가 없어 지루하고 답답하다.
따위,4,앞에 나온 것과 같은 종류의 것들이 더 있음을 나타내는 말.
뚜렷하다,4,엉클어지거나 흐리지 않고 아주 분명하다.
마음먹다,4,무엇을 하겠다는 생각을 하다.
말다,4,넓적한 물건을 돌돌 감아 원통형으로 겹치게 하다.
목덜미,4,목의 뒤쪽 부분과 그 아래 근처.
목표,4,어떤 목적을 이루려고 지향하는 실제적 대상으로 삼음. 또는 그 대상.
문단,4,"긴 글을 내용에 따라 나눌 때, 하나하나의 짧은 이야기 토막."
민화,4,"예전에, 실용을 목적으로 무명인이 그렸던 그림. 산수, 화조 따위의 정통 회화를 모방한 것으로 소박하고 파격적이며 익살스러운 것이 특징이다."
반딧불,4,반딧불이의 꽁무니에서 나오는 빛.
발명하다,4,아직까지 없던 기술이나 물건을 새로 생각하여 만들어 내다.
방문하다,4,어떤 사람이나 장소를 찾아가서 만나거나 보다.
배낭,4,물건을 넣어서 등에 질 수 있도록 헝겊이나 가죽 따위로 만든 가방.
번데기,4,완전 변태를 하는 곤충의 애벌레가 성충으로 되는 과정 중에 한동안 아무것도 먹지 아니하고 고치 같은 것의 속에 가만히 들어 있는 몸. 겉보기에는 휴식 상태 같지만 애벌레의 기관과 조직이 성충의 구조로 바뀌는 중요한 시기이다.
변화,4,"사물의 성질, 모양, 상태 따위가 바뀌어 달라짐."
복잡하다,4,일이나 감정 따위가 갈피를 잡기 어려울 만큼 여러 가지가 얽혀 있다.
본받다,4,본보기로 하여 그대로 따라 하다.
볼거리,4,사람들이 즐겁게 구경할 만한 물건이나 일.
부풀리다,4,희망이나 기대 따위를 마음에 가득하게 하다. ‘부풀다’의 사동사.
분명하다,4,모습이나 소리 따위가 흐릿함이 없이 똑똑하고 뚜렷하다.
뻔뻔하다,4,부끄러운 짓을 하고도 염치없이 태연하다.
뿔뿔이,4,제각기 따로따로 흩어지는 모양.
삐뚤어지다,4,바르지 아니하고 한쪽으로 기울어지거나 쏠리다. ‘비뚤어지다’보다 센 느낌을 준다.
살,4,사람이나 동물의 뼈를 싸서 몸을 이루는 부드러운 부분.
살아가다,4,목숨을 이어 가거나 생활을 해 나가다.
생물,4,"생명을 가지고 스스로 생활 현상을 유지하여 나가는 물체. 영양ㆍ운동ㆍ생장ㆍ증식을 하며, 동물ㆍ식물ㆍ미생물로 나뉜다."
생생하다,4,시들거나 상하지 아니하고 생기가 있다.
성실하다,4,곡식 따위가 다 자라서 열매를 맺다.
세계,4,조상으로부터 대대로 내려오는 계통.
시리다,4,몸의 한 부분이 찬 기운으로 인해 추위를 느낄 정도로 차다.
실,4,"고치, 털, 솜, 삼 따위나 화학 원료를 써서 가늘고 길게 뽑아 만든 것. 옷감을 짜고 바느질을 하는 데 쓴다. 단위로 타래, 퉁구리, 꾸리, 토리, 올, 님, 테, 가락, 오리, 바람 따위를 쓴다."
심술,4,온당하지 아니하게 고집을 부리는 마음.
안타깝다,4,뜻대로 되지 아니하거나 보기에 딱하여 가슴 아프고 답답하다.
어긋나다,4,잘 맞물려 있는 물체가 틀어져서 맞지 아니하다.
엉뚱하다,4,상식적으로 생각하는 것과 전혀 다르다.
예상하다,4,어떤 일을 직접 당하기 전에 미리 생각하여 두다.
오염,4,더럽게 물듦. 또는 더럽게 물들게 함.
오해하다,4,그릇되게 해석하거나 뜻을 잘못 알다.
온도,4,"따뜻함과 차가움의 정도. 또는 그것을 나타내는 수치. 물리적으로는 열평형을 특징짓고 열이 이동하는 경향을 나타내는 양이며, 미시적으로는 계(系)를 구성하는 입자가 가지는 에너지의 분포를 정하고 그 평균값의 표준이 되는 양이다."
욕설,4,남의 인격을 무시하는 모욕적인 말. 또는 남을 저주하는 말.
위로하다,4,따뜻한 말이나 행동으로 괴로움을 덜어 주거나 슬픔을 달래 주다.
위치,4,일정한 곳에 자리를 차지함. 또는 그 자리.
유행하다,4,전염병이 널리 퍼져 돌아다니다.
의견,4,어떤 대상에 대하여 가지는 생각.
의심하다,4,확실히 알 수 없어서 믿지 못하다.
이끌다,4,목적하는 곳으로 바로 가도록 같이 가면서 따라오게 하다.
이튿날,4,어떤 일이 있은 그다음의 날.
익숙하다,4,어떤 일을 여러 번 하여 서투르지 않은 상태에 있다.
인내심,4,괴로움이나 어려움을 참고 견디는 마음.
인상,4,사람 얼굴의 생김새. 또는 그 얼굴의 근육이나 눈살 따위.
일꾼,4,삯을 받고 남의 일을 해 주는 사람.
자막,4,"영화나 텔레비전 따위에서, 관객이나 시청자가 읽을 수 있도록 화면에 보여 주는 글자. 표제나 배역, 등장인물의 대화, 설명 따위를 보여 준다."
잡지,4,"일정한 이름을 가지고 호를 거듭하며 정기적으로 간행하는 출판물. 책의 성격에 따라 다양한 내용의 글이 실리며, 간행 주기에 따라 주간ㆍ순간ㆍ월간ㆍ계간으로 나눈다."
장승,4,"돌이나 나무에 사람의 얼굴을 새겨서 마을 또는 절 어귀나 길가에 세운 푯말. 10리나 5리 간격으로 이수(里數)를 나타내 이정표 구실을 하거나, 마을의 수호신 역할을 한다. 대개 남녀로 쌍을 이루어 한 기둥에는 ‘천하대장군(天下大將軍)’, 또 한 기둥에는 ‘지하여장군(地下女將軍)’이라고 새긴다."
재활용품,4,용도를 바꾸거나 가공하여 다시 사용할 수 있는 폐품. 또는 그 폐품을 사용하여 만든 물품.
적극적,4,대상에 대한 태도가 긍정적이고 능동적인 것.
전시하다,4,여러 가지 물품을 한곳에 벌여 놓고 보게 하다.
전하다,4,후대나 당대에 이어지거나 남겨지다.
전혀,4,"‘도무지’, ‘완전히’의 뜻을 나타내는 말."
정성껏,4,있는 정성을 다하여. 또는 정성이 미치는 데까지.
줄기,4,"고등 식물에 있어서 기본 기관의 하나. 식물체를 받치고 뿌리로부터 흡수한 수분이나 양분을 체관부, 물관부를 통하여 각 부에 나르는 역할을 한다. 표피계, 기본 조직계, 관다발계로 되어 있다."
증거,4,어떤 사실을 증명할 수 있는 근거.
지나치다,4,어떤 곳을 머무르거나 들르지 않고 지나가거나 지나오다.
지렁이,4,"빈모강의 환형동물을 통틀어 이르는 말. 몸의 길이는 작은 종류가 2~3mm, 큰 종류는 2미터 정도이고 긴 원통형으로 가늘며, 많은 마디로 이루어져 있다. 암수한몸으로 재생력이 강하고 흙 속이나 부식토에서 산다."
지폐,4,종이에 인쇄를 하여 만든 화폐. 일반적으로 정부 지폐와 은행권을 이른다.
지휘자,4,목적을 효과적으로 이루기 위하여 단체의 행동을 통솔하는 사람.
직선,4,꺾이거나 굽은 데가 없는 곧은 선.
진실하다,4,마음에 거짓이 없이 순수하고 바르다.
진지하다,4,마음 쓰는 태도나 행동 따위가 참되고 착실하다.
질투,4,부부 사이나 사랑하는 이성(異性) 사이에서 상대되는 이성이 다른 이성을 좋아할 경우에 지나치게 시기함.
짐작하다,4,사정이나 형편 따위를 어림잡아 헤아리다.
집중력,4,마음이나 주의를 집중할 수 있는 힘.
차이점,4,서로 같지 아니하고 다른 점.
찬성하다,4,"어떤 행동이나 견해, 제안 따위가 옳거나 좋다고 판단하여 수긍하다."
참,4,사실이나 이치에 조금도 어긋남이 없는 것.
책임,4,맡아서 해야 할 임무나 의무.
처리하다,4,사무나 사건 따위를 절차에 따라 정리하여 치르거나 마무리를 짓다.
체험,4,자기가 몸소 겪음. 또는 그런 경험.
촬영,4,"사람, 사물, 풍경 따위를 사진이나 영화로 찍음."
탄생,4,"사람이 태어남. 예전에는 성인(聖人) 또는 귀인이 태어남을 높여 이르는 말이었으나, 현재는 주로 이와 같이 쓰고 있다."
태풍,4,"북태평양 서남부에서 발생하여 아시아 대륙 동부로 불어오는, 폭풍우를 수반한 맹렬한 열대 저기압. 풍속은 초속 17.2미터 이상으로 중심에서 수십 km 떨어진 곳이 가장 크며, 중심은 비교적 조용한 편이다. 보통 7~9월에 내습하여 종종 해난과 풍수해를 일으킨다."
투표,4,선거를 하거나 가부를 결정할 때에 투표용지에 의사를 표시하여 일정한 곳에 내는 일. 또는 그런 표.
특이하다,4,보통 것이나 보통 상태에 비하여 두드러지게 다르다.
파괴하다,4,때려 부수거나 깨뜨려 헐어 버리다.
평생,4,세상에 태어나서 죽을 때까지의 동안.
포기하다,4,하려던 일을 도중에 그만두어 버리다.
표현하다,4,생각이나 느낌 따위를 언어나 몸짓 따위의 형상으로 드러내어 나타내다.
핑계,4,내키지 아니하는 사태를 피하거나 사실을 감추려고 방패막이가 되는 다른 일을 내세움.
한,4,그 수량이 하나임을 나타내는 말.
합격,4,"시험, 검사, 심사 따위에서 일정한 조건을 갖추어 어떠한 자격이나 지위 따위를 얻음."
해산물,4,바다에서 나는 동식물을 통틀어 이르는 말.
해치다,4,어떤 상태에 손상을 입혀 망가지게 하다.
험하다,4,땅의 형세가 발을 디디기 어려울 만큼 사납고 가파르다.
호기심,4,새롭고 신기한 것을 좋아하거나 모르는 것을 알고 싶어 하는 마음.
환경,4,생물에게 직접ㆍ간접으로 영향을 주는 자연적 조건이나 사회적 상황.
활발하다,4,생기 있고 힘차며 시원스럽다.
후회,4,이전의 잘못을 깨치고 뉘우침.
후회하다,4,이전의 잘못을 깨치고 뉘우치다.
훈련,4,기본자세나 동작 따위를 되풀이하여 익힘.
훑어보다,4,한쪽 끝에서 다른 끝까지 쭉 보다.
흐뭇하다,4,마음에 흡족하여 매우 만족스럽다.
갈등,5,"칡과 등나무가 서로 얽히는 것과 같이, 개인이나 집단 사이에 목표나 이해관계가 달라 서로 적대시하거나 충돌함. 또는 그런 상태."
감시하다,5,단속하기 위하여 주의 깊게 살피다.
갖추다,5,있어야 할 것을 가지거나 차리다.
갸웃하다,5,고개나 몸 따위를 한쪽으로 조금 갸울이다.
거르다,5,찌꺼기나 건더기가 있는 액체를 체나 거름종이 따위에 밭쳐서 액체만 받아 내다.
건조하다,5,건물이나 배 따위를 설계하여 만들다.
검토하다,5,어떤 사실이나 내용을 분석하여 따지다.
격려하다,5,용기나 의욕이 솟아나도록 북돋게 하다.
관련,5,"둘 이상의 사람, 사물, 현상 따위가 서로 관계를 맺어 매여 있음. 또는 그 관계."
관리하다,5,어떤 일의 사무를 맡아 처리하다.
괴상하다,5,마땅한 도리나 이치에 벗어나 있다.
굶주림,5,먹을 것이 없어 배를 곯는 것.
그것,5,듣는 이에게 가까이 있거나 듣는 이가 생각하고 있는 사물을 가리키는 지시 대명사.
꿈,5,잠자는 동안에 깨어 있을 때와 마찬가지로 여러 가지 사물을 보고 듣는 정신 현상.
꿰뚫다,5,이쪽에서 저쪽까지 꿰어서 뚫다.
나르다,5,물건을 한 곳에서 다른 곳으로 옮기다.
낯익다,5,여러 번 보아서 눈에 익거나 친숙하다.
노력,5,목적을 이루기 위하여 몸과 마음을 다하여 애를 씀.
다니다,5,어떤 볼일이 있어 일정한 곳을 정하여 놓고 드나들다.
도,5,"윷놀이에서, 윷짝의 세 개는 엎어지고 한 개만 젖혀진 경우를 이르는 말. 끗수는 한 끗으로 친다."
독도,5,"경상북도 울릉군에 속하는 화산섬. 비교적 큰 동도(東島)와 서도(西島) 두 섬 및 부근의 작은 섬들로 이루어져 있다. 부근 해역은 전갱이, 고등어, 미역 따위가 풍부한 좋은 어장이다. 면적은 0.188㎢."
드물다,5,어떤 일이 일어나는 일이 잦지 아니하다.
등줄기,5,등마루의 두두룩하게 줄이 진 부분.
딱하다,5,사정이나 처지가 애처롭고 가엾다.
마땅히,5,행동이나 대상 따위가 일정한 조건에 어울릴 정도로 알맞게.
문득,5,생각이나 느낌 따위가 갑자기 떠오르는 모양.
바로,5,"일정한 방향이나 곳, 또는 부근을 이르는 말."
반려동물,5,"사람이 정서적으로 의지하고자 가까이 두고 기르는 동물. 개, 고양이, 새 따위가 있다."
별점,5,별의 빛깔이나 자리를 보고 점을 치는 일.
보듬다,5,사람이나 동물을 가슴에 붙도록 안다.
분량,5,"수효, 무게 따위의 많고 적음이나 부피의 크고 작은 정도."
빚,5,남에게 갚아야 할 돈. 꾸어 쓴 돈이나 외상값 따위를 이른다.
빚지다,5,남에게 돈이나 물건 따위를 꾸어 쓰다.
사건,5,사회적으로 문제를 일으키거나 주목을 받을 만한 뜻밖의 일.
사회자,5,모임이나 예식에서 진행을 맡아보는 사람.
설득하다,5,상대편이 이쪽 편의 이야기를 따르도록 여러 가지로 깨우쳐 말하다.
세차다,5,기세나 형세 따위가 힘 있고 억세다.
소심하다,5,대담하지 못하고 조심성이 지나치게 많다.
습하다,5,메마르지 않고 물기가 많아 축축하다.
아시아,5,"육대주의 하나. 동반구의 북부를 차지하는데, 세계 육지의 약 3분의 1에 해당하며 유럽주와 함께 유라시아 대륙을 이룬다. 남북은 인도네시아에서 시베리아, 동서는 일본에서 튀르키예 및 아라비아에 걸치는 지역이다. 우랄산맥, 카스피해, 캅카스산맥, 보스포루스 해협에 의하여 유럽과 갈라져 있고, 수에즈 지협으로 아프리카 대륙에 접해 있다. 인구는 세계 인구의 2분의 1 이상을 차지한다. 면적은 4,439만 1,162㎢."
아주,5,보통 정도보다 훨씬 더 넘어선 상태로.
언뜻,5,지나는 결에 잠깐 나타나는 모양.
엄격히,5,"말, 태도, 규칙 따위가 매우 엄하고 철저하게."
옹고집,5,억지가 매우 심하여 자기 의견만 내세워 우기는 성미. 또는 그런 사람.
우울하다,5,근심스럽거나 답답하여 활기가 없다.
웅장하다,5,규모 따위가 거대하고 성대하다.
위독하다,5,병이 매우 중하여 생명이 위태롭다.
위험성,5,위험하거나 그렇게 될 가능성이 있는 성질.
유난히,5,언행이나 상태가 보통과 아주 다르게. 또는 언행이 두드러지게 남과 달라 예측할 수 없게.
유지하다,5,어떤 일에 뜻이 있거나 관심이 있다.
은근히,5,야단스럽지 아니하고 꾸준하게.
이렇다,5,"상태, 모양, 성질 따위가 이와 같다."
이제,5,바로 이때. 지나간 때와 단절된 느낌을 준다.
인간,5,"생각을 하고 언어를 사용하며, 도구를 만들어 쓰고 사회를 이루어 사는 동물."
일자리,5,생계를 꾸려 나갈 수 있는 수단으로서의 직업.
자료,5,자기 혼자의 힘으로 일을 끝마침.
점잖다,5,언행이나 태도가 의젓하고 신중하다.
제시,5,시를 짓는 괴로움을 위로하기 위하여 자기가 지은 시를 제사 지내는 일.
주,5,주요하거나 기본이 되는 것을 이르는 말.
참여하다,5,어떤 일에 끼어들어 관계하다.
처벌,5,죄를 지은 사람에게 제재를 가하거나 벌을 내림. 또는 그 제재나 벌.
철저히,5,속속들이 꿰뚫어 미치어 밑바닥까지 빈틈이나 부족함이 없이.
초라하다,5,겉모양이나 옷차림이 호졸근하고 궁상스럽다.
총명하다,5,보거나 들은 것을 오래 기억하는 힘이 있다.
터,5,집이나 건물을 지었거나 지을 자리.
톱니,5,톱 따위의 가장자리에 있는 뾰족뾰족한 이.
파헤치다,5,속에 있는 것이 드러나도록 파서 젖히다.
판단하다,5,사물을 인식하여 논리나 기준 등에 따라 판정을 내리다.
폭넓다,5,어떤 일의 범위나 영역이 크고 넓다.
해결,5,제기된 문제를 해명하거나 얽힌 일을 잘 처리함.
활용하다,5,도구나 물건 따위를 충분히 잘 이용하다.
회의,5,주관자가 기안한 것을 관계자들에게 돌려 의견을 묻거나 동의를 구함.
감상,6,하찮은 일에도 쓸쓸하고 슬퍼져서 마음이 상함. 또는 그런 마음.
고려청자,6,고려 시대에 만들어진 푸른빛의 자기를 통틀어 이르는 말. 상감 청자가 특히 유명하다.
공감,6,"남의 감정, 의견, 주장 따위에 대하여 자기도 그렇다고 느낌. 또는 그렇게 느끼는 기분."
누리,6,‘세상’을 예스럽게 이르는 말.
단속,6,주의를 기울여 다잡거나 보살핌.
데,6,‘곳’이나 ‘장소’의 뜻을 나타내는 말.
독,6,"간장, 술, 김치 따위를 담가 두는 데에 쓰는 큰 오지그릇이나 질그릇. 운두가 높고 중배가 조금 부르며 전이 달려 있다."
뒷받침,6,뒤에서 지지하고 도와주는 일. 또는 그런 사람이나 물건.
망,6,새끼를 그물처럼 얽어 만든 큰 망태기. 갈퀴나무 따위를 담아 짊어진다.
매체,6,어떤 작용을 한쪽에서 다른 쪽으로 전달하는 물체. 또는 그런 수단.
모,6,옮겨 심기 위하여 기른 벼의 싹.
비교,6,"둘 이상의 사물을 견주어 서로 간의 유사점, 차이점, 일반 법칙 따위를 고찰하는 일."
설,6,우리나라 명절의 하나. 정월 초하룻날이다.
연극,6,배우가 각본에 따라 어떤 사건이나 인물을 말과 동작으로 관객에게 보여 주는 무대 예술.
이용,6,대상을 필요에 따라 이롭게 씀.
잎,6,"식물의 영양 기관의 하나. 줄기의 끝이나 둘레에 붙어 호흡 작용과 탄소 동화 작용을 한다. 대개 녹색으로 모양은 넓적하고 잎몸, 잎자루, 턱잎 따위로 이루어진다."
주어,6,"주요 문장 성분의 하나로, 술어가 나타내는 동작이나 상태의 주체가 되는 말. ‘철수가 운동을 한다.’에서 ‘철수가’ 따위이다."
지능,6,"계산이나 문장 작성 따위의 지적 작업에서, 성취 정도에 따라 정하여지는 적응 능력. 지능 지수 따위로 수치화할 수 있다."
지식,6,떠들썩하던 일이 가라앉아서 그침.
찬란하다,6,빛이 번쩍거리거나 수많은 불빛이 빛나는 상태이다. 또는 그 빛이 매우 밝고 강렬하다.
탄력,6,용수철처럼 튀거나 팽팽하게 버티는 힘.
턱없이,6,"이치에 닿지 아니하거나, 그럴 만한 근거가 전혀 없이."
토론,6,어떤 문제에 대하여 여러 사람이 각각 의견을 말하며 논의함.
학비,6,공부하며 학문을 닦는 데에 드는 비용.
호응,6,"부름에 응답한다는 뜻으로, 부름이나 호소 따위에 대답하거나 응함."
개발,7,토지나 천연자원 따위를 유용하게 만듦.
거미줄,7,거미가 뽑아낸 줄. 또는 그 줄로 된 그물.
공정,7,일이 진척되는 과정이나 정도.
극본,7,"연극이나 영화를 만들기 위하여 쓴 글. 배우의 동작이나 대사, 무대 장치 따위가 구체적으로 적혀 있다."
까마귀,7,"까마귓과의 새를 통틀어 이르는 말. 몸은 대개 검은색이며, 번식기는 3~5월이다. 어미 새에게 먹이를 물어다 준다고 하여 ‘반포조’ 또는 ‘효조’라고도 한다. 잡식성으로 갈까마귀, 떼까마귀, 잣까마귀 따위가 있다."
논,7,물을 대어 주로 벼를 심어 가꾸는 땅.
뉴스,7,새로운 소식을 전하여 주는 방송의 프로그램.
담기다,7,어떤 물건이 그릇 따위에 넣어지다. ‘담다’의 피동사.
맡다,7,어떤 일에 대한 책임을 지고 담당하다.
미세,7,분간하기 어려울 정도로 아주 작음.
바탕,7,물체의 뼈대나 틀을 이루는 부분.
밖,7,어떤 선이나 금을 넘어선 쪽.
버들,7,버드나뭇과 버드나무속의 식물을 통틀어 이르는 말.
비유,7,어떤 현상이나 사물을 직접 설명하지 아니하고 다른 비슷한 현상이나 사물에 빗대어서 설명하는 일.
설문,7,조사를 하거나 통계 자료 따위를 얻기 위하여 어떤 주제에 대하여 문제를 내어 물음. 또는 그 문제.
속담,7,예로부터 민간에 전하여 오는 쉬운 격언이나 잠언.
실태,7,본디의 면목을 잃음. 또는 그런 모양.
언어,7,"생각, 느낌 따위를 나타내거나 전달하는 데에 쓰는 음성, 문자 따위의 수단. 또는 그 음성이나 문자 따위의 사회 관습적인 체계."
올바르다,7,"말이나 생각, 행동 따위가 이치나 규범에서 벗어남이 없이 옳고 바르다."
이루다,7,어떤 대상이 일정한 상태나 결과를 생기게 하거나 일으키거나 만들다.
점검,7,낱낱이 검사함. 또는 그런 검사.
조각,7,한 물건에서 따로 떼어 내거나 떨어져 나온 작은 부분.
처,7,혼인하여 남자의 짝이 된 여자.
추구,7,목적을 이룰 때까지 뒤좇아 구함.
특성,7,일정한 사물에만 있는 특수한 성질.
판단,7,사물을 인식하여 논리나 기준 등에 따라 판정을 내림.
효과,7,어떤 목적을 지닌 행위에 의하여 드러나는 보람이나 좋은 결과.
